{
  "__type__": "cc.AnimationClip",
  "_name": "shitRewardLeft",
  "_objFlags": 0,
  "_native": "",
  "_duration": 0.5833333333333334,
  "sample": 60,
  "speed": 1,
  "wrapMode": 1,
  "curveData": {
    "paths": {
      "xing3": {
        "props": {
          "position": [
            {
              "frame": 0,
              "value": [
                0,
                200
              ]
            },
            {
              "frame": 0.4166666666666667,
              "value": [
                -89,
                267
              ]
            }
          ]
        }
      },
      "xing2": {
        "props": {
          "position": [
            {
              "frame": 0.16666666666666666,
              "value": [
                0,
                200
              ]
            },
            {
              "frame": 0.5833333333333334,
              "value": [
                -120,
                288
              ]
            }
          ]
        }
      },
      "xing1": {
        "props": {
          "position": [
            {
              "frame": 0.08333333333333333,
              "value": [
                0,
                200
              ]
            },
            {
              "frame": 0.5,
              "value": [
                -164,
                300
              ]
            }
          ]
        }
      }
    }
  },
  "events": []
}