{
  "__type__": "cc.SpriteAtlas",
  "_name": "ani_frame.plist",
  "_objFlags": 0,
  "_native": "",
  "_spriteFrames": {
    "a_fk_1": {
      "__uuid__": "5c6ddd28-0ed6-4006-bd8c-98a1c803112d"
    },
    "a_fk_2": {
      "__uuid__": "4be12ed4-afed-4548-b465-3f378d4ae9a1"
    },
    "a_fk_3": {
      "__uuid__": "0e672865-3eae-43a8-81cf-c8d81e3e417f"
    },
    "a_fk_4": {
      "__uuid__": "d2bf8249-bfe2-4af9-ae1d-e2ee555220bf"
    },
    "a_fk_5": {
      "__uuid__": "5042fa10-7cf9-4d6e-8c8c-6dc49c3e8d93"
    },
    "dandou_1": {
      "__uuid__": "d5014ba4-8ef8-429a-a481-fc444f37254c"
    },
    "dandou_2": {
      "__uuid__": "74171bd4-1558-4923-8469-1bd853c43603"
    },
    "dandou_3": {
      "__uuid__": "53920842-f46f-4290-8783-a5060f85bf1e"
    },
    "dandou_4": {
      "__uuid__": "9860366f-57eb-49b3-8e38-b2c344f55875"
    },
    "dandou_5": {
      "__uuid__": "18036548-ea14-4eaf-859f-8c4c00d2d3c6"
    },
    "dandou_6": {
      "__uuid__": "554891e6-1d13-43ab-b1dd-fdfe0806c849"
    },
    "dandou_7": {
      "__uuid__": "c7c08634-435d-4399-b8de-37946d312cc1"
    },
    "dandou_8": {
      "__uuid__": "0b74a5a2-573f-4e03-aa0c-32cb61924eed"
    },
    "dandou_9": {
      "__uuid__": "a4c49518-bf71-42e1-85dd-3650535bba5b"
    },
    "dansui_1": {
      "__uuid__": "01a343b1-7a2c-43de-867a-296955621624"
    },
    "dansui_2": {
      "__uuid__": "11814687-9943-41d9-bc6a-ebf4f55592d2"
    },
    "dansui_3": {
      "__uuid__": "fe72a479-94c0-45da-9259-39964e3ed735"
    },
    "dansui_4": {
      "__uuid__": "82329ec3-5555-4421-98df-8e4fc7e40b44"
    },
    "dansui_5": {
      "__uuid__": "ac323b15-ff4c-4f0b-b4dc-53fcf3960ceb"
    },
    "dansui_6": {
      "__uuid__": "4cafcbbf-d170-4819-8782-17b0e2c8f904"
    },
    "dansui_7": {
      "__uuid__": "1b999053-8d4f-40a4-a096-7a91d26781ef"
    },
    "dansui_8": {
      "__uuid__": "07ce7ac5-2d34-4a6d-ac74-969402795352"
    },
    "dansui_9": {
      "__uuid__": "ccd33eea-3427-41f8-9103-38b4712e3918"
    },
    "jinbi_1": {
      "__uuid__": "c3278269-332d-4c05-aba5-211d7d2c28bb"
    },
    "jinbi_2": {
      "__uuid__": "fed211d9-8f83-4ce8-9f90-a58de6d7c938"
    },
    "jinbi_3": {
      "__uuid__": "b1edfd10-3c29-405e-9995-3a31ddbde4e8"
    },
    "jinbi_4": {
      "__uuid__": "23e4c6cd-fa65-4aaf-97e8-e732f0f5e4de"
    },
    "jinbi_5": {
      "__uuid__": "5499e0b8-cc6d-4077-adbe-e28522a95367"
    },
    "jinbi_6": {
      "__uuid__": "55e0449e-08ec-41ff-84b9-4b1d68acf9ec"
    }
  }
}