{
  "__type__": "cc.AnimationClip",
  "_name": "bellShakeLeft",
  "_objFlags": 0,
  "_native": "",
  "_duration": 2.3333333333333335,
  "sample": 60,
  "speed": 0.5,
  "wrapMode": "2",
  "curveData": {
    "props": {
      "rotation": [
        {
          "frame": 0,
          "value": 0
        },
        {
          "frame": 0.16666666666666666,
          "value": 10
        },
        {
          "frame": 0.3333333333333333,
          "value": 20
        },
        {
          "frame": 0.5,
          "value": 10
        },
        {
          "frame": 0.6666666666666666,
          "value": 0
        },
        {
          "frame": 0.8333333333333334,
          "value": -10
        },
        {
          "frame": 1,
          "value": -20
        },
        {
          "frame": 1.1666666666666667,
          "value": -30
        },
        {
          "frame": 1.3333333333333333,
          "value": -40
        },
        {
          "frame": 1.5,
          "value": -50
        },
        {
          "frame": 1.6666666666666667,
          "value": -40
        },
        {
          "frame": 1.8333333333333333,
          "value": -30
        },
        {
          "frame": 2,
          "value": -20
        },
        {
          "frame": 2.1666666666666665,
          "value": -10
        },
        {
          "frame": 2.3333333333333335,
          "value": 0
        }
      ]
    }
  },
  "events": []
}