{
  "__type__": "cc.AnimationClip",
  "_name": "monster_4",
  "_objFlags": 0,
  "_native": "",
  "_duration": 0.8333333333333334,
  "sample": 60,
  "speed": 1,
  "wrapMode": "2",
  "curveData": {
    "paths": {
      "gw_mty_6": {
        "props": {
          "position": [
            {
              "frame": 0,
              "value": [
                -3.6,
                65.3
              ]
            },
            {
              "frame": 0.16666666666666666,
              "value": [
                -3.6,
                57.5
              ]
            },
            {
              "frame": 0.3333333333333333,
              "value": [
                -3.6,
                55.1
              ]
            },
            {
              "frame": 0.5,
              "value": [
                -3.6,
                57.5
              ]
            },
            {
              "frame": 0.8333333333333334,
              "value": [
                -3.6,
                61.4
              ]
            }
          ],
          "width": [
            {
              "frame": 0,
              "value": 95
            }
          ],
          "height": [
            {
              "frame": 0,
              "value": 71
            },
            {
              "frame": 0.16666666666666666,
              "value": 63.7
            },
            {
              "frame": 0.8333333333333334,
              "value": 71.6
            }
          ]
        }
      },
      "gw_mty_1": {
        "props": {
          "position": [
            {
              "frame": 0,
              "value": [
                -3.6,
                119.3
              ]
            },
            {
              "frame": 0.16666666666666666,
              "value": [
                -3.6,
                116.3
              ]
            },
            {
              "frame": 0.3333333333333333,
              "value": [
                -3.6,
                114.5
              ]
            },
            {
              "frame": 0.5,
              "value": [
                -3.6,
                116.3
              ]
            },
            {
              "frame": 0.6666666666666666,
              "value": [
                -3.6,
                119.3
              ]
            },
            {
              "frame": 0.8333333333333334,
              "value": [
                -3.6,
                120.8
              ]
            }
          ],
          "width": [
            {
              "frame": 0,
              "value": 124
            }
          ],
          "height": [
            {
              "frame": 0,
              "value": 132
            },
            {
              "frame": 0.16666666666666666,
              "value": 125.9
            },
            {
              "frame": 0.3333333333333333,
              "value": 122.3
            },
            {
              "frame": 0.5,
              "value": 125.9
            },
            {
              "frame": 0.6666666666666666,
              "value": 132
            },
            {
              "frame": 0.8333333333333334,
              "value": 135
            }
          ]
        }
      },
      "gw_mty_3": {
        "props": {
          "position": [
            {
              "frame": 0,
              "value": [
                -49.4,
                197.4
              ]
            },
            {
              "frame": 0.16666666666666666,
              "value": [
                -51.2,
                189.5
              ]
            },
            {
              "frame": 0.3333333333333333,
              "value": [
                -53,
                184.6
              ]
            },
            {
              "frame": 0.5,
              "value": [
                -51.2,
                189.5
              ]
            },
            {
              "frame": 0.6666666666666666,
              "value": [
                -49.4,
                197.4
              ]
            },
            {
              "frame": 0.8333333333333334,
              "value": [
                -49.4,
                200.4
              ]
            }
          ],
          "rotation": [
            {
              "frame": 0,
              "value": 0
            },
            {
              "frame": 0.16666666666666666,
              "value": -6
            },
            {
              "frame": 0.6666666666666666,
              "value": 0
            },
            {
              "frame": 0.8333333333333334,
              "value": -2
            }
          ]
        }
      },
      "gw_mty_5": {
        "props": {
          "position": [
            {
              "frame": 0,
              "value": [
                -21.5,
                58.5
              ]
            }
          ]
        }
      },
      "gw_mty_5_1": {
        "props": {
          "position": [
            {
              "frame": 0,
              "value": [
                15.1,
                58.5
              ]
            }
          ]
        }
      },
      "gw_mty_2": {
        "props": {
          "position": [
            {
              "frame": 0,
              "value": [
                -35.3,
                141
              ]
            },
            {
              "frame": 0.16666666666666666,
              "value": [
                -35.3,
                135.9
              ]
            },
            {
              "frame": 0.3333333333333333,
              "value": [
                -35.3,
                132.3
              ]
            },
            {
              "frame": 0.5,
              "value": [
                -35.3,
                135.9
              ]
            },
            {
              "frame": 0.6666666666666666,
              "value": [
                -35.3,
                141
              ]
            },
            {
              "frame": 0.8333333333333334,
              "value": [
                -35.3,
                146.5
              ]
            }
          ],
          "width": [
            {
              "frame": 0,
              "value": 46
            }
          ],
          "height": [
            {
              "frame": 0,
              "value": 46
            },
            {
              "frame": 0.16666666666666666,
              "value": 22.3
            },
            {
              "frame": 0.3333333333333333,
              "value": 10
            },
            {
              "frame": 0.5,
              "value": 22.3
            },
            {
              "frame": 0.6666666666666666,
              "value": 36
            }
          ]
        }
      },
      "gw_mty_2_1": {
        "props": {
          "width": [
            {
              "frame": 0,
              "value": 46
            }
          ],
          "height": [
            {
              "frame": 0,
              "value": 46
            },
            {
              "frame": 0.16666666666666666,
              "value": 22.3
            },
            {
              "frame": 0.3333333333333333,
              "value": 10
            },
            {
              "frame": 0.5,
              "value": 22.3
            },
            {
              "frame": 0.6666666666666666,
              "value": 36
            }
          ],
          "position": [
            {
              "frame": 0,
              "value": [
                29.7,
                141
              ]
            },
            {
              "frame": 0.16666666666666666,
              "value": [
                29.7,
                135.5
              ]
            },
            {
              "frame": 0.3333333333333333,
              "value": [
                29.7,
                131.6
              ]
            },
            {
              "frame": 0.5,
              "value": [
                29.7,
                135.5
              ]
            },
            {
              "frame": 0.6666666666666666,
              "value": [
                29.7,
                141
              ]
            },
            {
              "frame": 0.8333333333333334,
              "value": [
                29.7,
                145.9
              ]
            }
          ]
        }
      },
      "gw_mty_3_1": {
        "props": {
          "position": [
            {
              "frame": 0,
              "value": [
                40,
                197.4
              ]
            },
            {
              "frame": 0.16666666666666666,
              "value": [
                44.9,
                187.7
              ]
            },
            {
              "frame": 0.3333333333333333,
              "value": [
                46.1,
                182.8
              ]
            },
            {
              "frame": 0.5,
              "value": [
                44.9,
                187.7
              ]
            },
            {
              "frame": 0.6666666666666666,
              "value": [
                40,
                197.4
              ]
            },
            {
              "frame": 0.8333333333333334,
              "value": [
                40,
                199.8
              ]
            }
          ],
          "rotation": [
            {
              "frame": 0,
              "value": 0
            },
            {
              "frame": 0.16666666666666666,
              "value": 6
            },
            {
              "frame": 0.6666666666666666,
              "value": 0
            },
            {
              "frame": 0.8333333333333334,
              "value": 2
            }
          ]
        }
      },
      "gw_mty_7": {
        "props": {
          "position": [
            {
              "frame": 0,
              "value": [
                -1.6,
                32.1
              ]
            }
          ]
        }
      },
      "gw_mty_4": {
        "props": {
          "position": [
            {
              "frame": 0,
              "value": [
                -50.6,
                82
              ]
            },
            {
              "frame": 0.16666666666666666,
              "value": [
                -59.1,
                79
              ]
            },
            {
              "frame": 0.3333333333333333,
              "value": [
                -64,
                78.4
              ]
            },
            {
              "frame": 0.5,
              "value": [
                -59.1,
                79
              ]
            },
            {
              "frame": 0.6666666666666666,
              "value": [
                -50.6,
                82
              ]
            },
            {
              "frame": 0.8333333333333334,
              "value": [
                -50,
                82.1
              ]
            }
          ],
          "rotation": [
            {
              "frame": 0,
              "value": 0
            },
            {
              "frame": 0.16666666666666666,
              "value": 24
            },
            {
              "frame": 0.3333333333333333,
              "value": 35
            },
            {
              "frame": 0.5,
              "value": 24
            },
            {
              "frame": 0.6666666666666666,
              "value": 0
            },
            {
              "frame": 0.8333333333333334,
              "value": -10
            }
          ]
        }
      },
      "gw_mty_4_1": {
        "props": {
          "position": [
            {
              "frame": 0,
              "value": [
                41.1,
                82
              ]
            },
            {
              "frame": 0.16666666666666666,
              "value": [
                47.2,
                77.1
              ]
            },
            {
              "frame": 0.3333333333333333,
              "value": [
                54.5,
                76.5
              ]
            },
            {
              "frame": 0.5,
              "value": [
                47.2,
                77.1
              ]
            },
            {
              "frame": 0.6666666666666666,
              "value": [
                41.1,
                82
              ]
            },
            {
              "frame": 0.8333333333333334,
              "value": [
                39.9,
                82.2
              ]
            }
          ],
          "rotation": [
            {
              "frame": 0,
              "value": 0
            },
            {
              "frame": 0.16666666666666666,
              "value": -24
            },
            {
              "frame": 0.3333333333333333,
              "value": -35
            },
            {
              "frame": 0.5,
              "value": -24
            },
            {
              "frame": 0.6666666666666666,
              "value": 0
            },
            {
              "frame": 0.8333333333333334,
              "value": 10
            }
          ]
        }
      }
    }
  },
  "events": []
}