{
  "__type__": "cc.AnimationClip",
  "_name": "chongwu_5",
  "_objFlags": 0,
  "_native": "",
  "_duration": 0.8333333333333334,
  "sample": 60,
  "speed": 1,
  "wrapMode": "2",
  "curveData": {
    "paths": {
      "xmf_1": {
        "props": {
          "position": [
            {
              "frame": 0,
              "value": [
                -0.8,
                80.1
              ]
            }
          ]
        }
      },
      "xmf_2_1": {
        "props": {
          "position": [
            {
              "frame": 0,
              "value": [
                -20,
                100.1
              ]
            },
            {
              "frame": 0.16666666666666666,
              "value": [
                -20,
                100.9
              ]
            },
            {
              "frame": 0.3333333333333333,
              "value": [
                -20,
                100.6
              ]
            }
          ],
          "width": [
            {
              "frame": 0,
              "value": 24
            }
          ],
          "height": [
            {
              "frame": 0,
              "value": 32
            },
            {
              "frame": 0.16666666666666666,
              "value": 22
            },
            {
              "frame": 0.3333333333333333,
              "value": 10.9
            },
            {
              "frame": 0.5,
              "value": 22
            },
            {
              "frame": 0.6666666666666666,
              "value": 32
            }
          ]
        }
      },
      "xmf_2": {
        "props": {
          "position": [
            {
              "frame": 0,
              "value": [
                18.2,
                100.1
              ]
            },
            {
              "frame": 0.16666666666666666,
              "value": [
                18.2,
                100.6
              ]
            },
            {
              "frame": 0.3333333333333333,
              "value": [
                18.2,
                100.4
              ]
            }
          ],
          "width": [
            {
              "frame": 0,
              "value": 24
            }
          ],
          "height": [
            {
              "frame": 0,
              "value": 32
            },
            {
              "frame": 0.16666666666666666,
              "value": 22
            },
            {
              "frame": 0.3333333333333333,
              "value": 12
            },
            {
              "frame": 0.5,
              "value": 22
            },
            {
              "frame": 0.6666666666666666,
              "value": 32
            }
          ]
        }
      },
      "xmf_7": {
        "props": {
          "position": [
            {
              "frame": 0,
              "value": [
                -4,
                25.9
              ]
            },
            {
              "frame": 0.3333333333333333,
              "value": [
                -5,
                26.1
              ]
            }
          ],
          "rotation": [
            {
              "frame": 0,
              "value": 0
            },
            {
              "frame": 0.16666666666666666,
              "value": -11
            },
            {
              "frame": 0.3333333333333333,
              "value": 11
            },
            {
              "frame": 0.5,
              "value": 8
            },
            {
              "frame": 0.6666666666666666,
              "value": -1
            },
            {
              "frame": 0.8333333333333334,
              "value": -8
            }
          ]
        }
      },
      "xmf_6_1": {
        "props": {
          "position": [
            {
              "frame": 0,
              "value": [
                16.4,
                23.5
              ]
            },
            {
              "frame": 0.3333333333333333,
              "value": [
                15.1,
                23.7
              ]
            }
          ],
          "rotation": [
            {
              "frame": 0,
              "value": 0
            },
            {
              "frame": 0.16666666666666666,
              "value": -12
            },
            {
              "frame": 0.3333333333333333,
              "value": 10
            },
            {
              "frame": 0.5,
              "value": 9
            },
            {
              "frame": 0.6666666666666666,
              "value": -1
            },
            {
              "frame": 0.8333333333333334,
              "value": -15
            }
          ]
        }
      },
      "xmf_6": {
        "props": {
          "position": [
            {
              "frame": 0,
              "value": [
                -13.4,
                23.5
              ]
            },
            {
              "frame": 0.3333333333333333,
              "value": [
                -14.6,
                23.7
              ]
            }
          ],
          "rotation": [
            {
              "frame": 0,
              "value": 0
            },
            {
              "frame": 0.16666666666666666,
              "value": -8
            },
            {
              "frame": 0.3333333333333333,
              "value": 12
            },
            {
              "frame": 0.5,
              "value": 10
            },
            {
              "frame": 0.6666666666666666,
              "value": 0
            },
            {
              "frame": 0.8333333333333334,
              "value": -7
            }
          ]
        }
      },
      "xmf_5_1": {
        "props": {
          "position": [
            {
              "frame": 0,
              "value": [
                -60,
                92.3
              ]
            },
            {
              "frame": 0.16666666666666666,
              "value": [
                -64.4,
                94.4
              ]
            },
            {
              "frame": 0.3333333333333333,
              "value": [
                -60.9,
                85.8
              ]
            },
            {
              "frame": 0.5,
              "value": [
                -67.3,
                92.9
              ]
            },
            {
              "frame": 0.6666666666666666,
              "value": [
                -60.6,
                91.7
              ]
            },
            {
              "frame": 0.8333333333333334,
              "value": [
                -65.1,
                96.5
              ]
            }
          ],
          "rotation": [
            {
              "frame": 0,
              "value": -17
            },
            {
              "frame": 0.16666666666666666,
              "value": 20
            },
            {
              "frame": 0.3333333333333333,
              "value": -19
            },
            {
              "frame": 0.5,
              "value": 34
            },
            {
              "frame": 0.6666666666666666,
              "value": -17
            },
            {
              "frame": 0.8333333333333334,
              "value": 24
            }
          ]
        }
      },
      "xmf_5": {
        "props": {
          "position": [
            {
              "frame": 0,
              "value": [
                57.7,
                93.1
              ]
            },
            {
              "frame": 0.16666666666666666,
              "value": [
                63.1,
                95.9
              ]
            },
            {
              "frame": 0.3333333333333333,
              "value": [
                59.7,
                89.6
              ]
            },
            {
              "frame": 0.5,
              "value": [
                63.9,
                90.5
              ]
            },
            {
              "frame": 0.6666666666666666,
              "value": [
                57.2,
                90.6
              ]
            },
            {
              "frame": 0.8333333333333334,
              "value": [
                61.9,
                99.2
              ]
            }
          ],
          "rotation": [
            {
              "frame": 0,
              "value": 15
            },
            {
              "frame": 0.16666666666666666,
              "value": -30
            },
            {
              "frame": 0.3333333333333333,
              "value": 17
            },
            {
              "frame": 0.5,
              "value": -34
            },
            {
              "frame": 0.6666666666666666,
              "value": 27
            },
            {
              "frame": 0.8333333333333334,
              "value": -31
            }
          ]
        }
      },
      "xmf_4_1": {
        "props": {
          "position": [
            {
              "frame": 0,
              "value": [
                -53.2,
                115.9
              ]
            },
            {
              "frame": 0.16666666666666666,
              "value": [
                -64,
                96.8
              ]
            },
            {
              "frame": 0.3333333333333333,
              "value": [
                -63.5,
                108.8
              ]
            },
            {
              "frame": 0.5,
              "value": [
                -62.5,
                91.2
              ]
            },
            {
              "frame": 0.6666666666666666,
              "value": [
                -56.1,
                118.8
              ]
            },
            {
              "frame": 0.8333333333333334,
              "value": [
                -62.6,
                101.2
              ]
            }
          ],
          "rotation": [
            {
              "frame": 0,
              "value": 0
            },
            {
              "frame": 0.16666666666666666,
              "value": -66
            },
            {
              "frame": 0.3333333333333333,
              "value": -14
            },
            {
              "frame": 0.5,
              "value": -77
            },
            {
              "frame": 0.6666666666666666,
              "value": -6
            },
            {
              "frame": 0.8333333333333334,
              "value": -63
            }
          ]
        }
      },
      "xmf_4": {
        "props": {
          "position": [
            {
              "frame": 0,
              "value": [
                53.5,
                120.4
              ]
            },
            {
              "frame": 0.16666666666666666,
              "value": [
                64.1,
                99.9
              ]
            },
            {
              "frame": 0.3333333333333333,
              "value": [
                60,
                112.3
              ]
            },
            {
              "frame": 0.5,
              "value": [
                61.1,
                87.3
              ]
            },
            {
              "frame": 0.6666666666666666,
              "value": [
                58.2,
                115.3
              ]
            },
            {
              "frame": 0.8333333333333334,
              "value": [
                61.4,
                102.7
              ]
            }
          ],
          "rotation": [
            {
              "frame": 0,
              "value": 0
            },
            {
              "frame": 0.16666666666666666,
              "value": 57
            },
            {
              "frame": 0.3333333333333333,
              "value": 12
            },
            {
              "frame": 0.5,
              "value": 88
            },
            {
              "frame": 0.6666666666666666,
              "value": 22
            },
            {
              "frame": 0.8333333333333334,
              "value": 58
            }
          ]
        }
      },
      "xmf_3_1": {
        "props": {
          "position": [
            {
              "frame": 0,
              "value": [
                -23.8,
                128.5
              ]
            },
            {
              "frame": 0.16666666666666666,
              "value": [
                -23.7,
                127.9
              ]
            },
            {
              "frame": 0.3333333333333333,
              "value": [
                -26.1,
                127.7
              ]
            },
            {
              "frame": 0.5,
              "value": [
                -22.2,
                126.9
              ]
            }
          ],
          "rotation": [
            {
              "frame": 0,
              "value": 0
            },
            {
              "frame": 0.16666666666666666,
              "value": -5
            },
            {
              "frame": 0.3333333333333333,
              "value": -7
            },
            {
              "frame": 0.5,
              "value": 16
            },
            {
              "frame": 0.6666666666666666,
              "value": 4
            }
          ]
        }
      },
      "xmf_3": {
        "props": {
          "position": [
            {
              "frame": 0,
              "value": [
                24.9,
                127.5
              ]
            },
            {
              "frame": 0.3333333333333333,
              "value": [
                26.1,
                127.3
              ]
            },
            {
              "frame": 0.5,
              "value": [
                22.4,
                126.8
              ]
            }
          ],
          "rotation": [
            {
              "frame": 0,
              "value": 0
            },
            {
              "frame": 0.16666666666666666,
              "value": 10
            },
            {
              "frame": 0.3333333333333333,
              "value": 5
            },
            {
              "frame": 0.5,
              "value": -12
            },
            {
              "frame": 0.6666666666666666,
              "value": -1
            }
          ]
        }
      }
    },
    "props": {
      "position": [
        {
          "frame": 0,
          "value": [
            0,
            0
          ]
        },
        {
          "frame": 0.16666666666666666,
          "value": [
            -3.6,
            5
          ]
        },
        {
          "frame": 0.3333333333333333,
          "value": [
            0,
            10
          ]
        },
        {
          "frame": 0.5,
          "value": [
            3.6,
            0
          ]
        },
        {
          "frame": 0.6666666666666666,
          "value": [
            8.6,
            -5.8
          ]
        },
        {
          "frame": 0.8333333333333334,
          "value": [
            2.9,
            -5.1
          ]
        }
      ],
      "width": [],
      "height": []
    }
  },
  "events": []
}