{
  "__type__": "cc.AnimationClip",
  "_name": "monster_2",
  "_objFlags": 0,
  "_native": "",
  "_duration": 0.6666666666666666,
  "sample": 60,
  "speed": 1,
  "wrapMode": "2",
  "curveData": {
    "paths": {
      "gw_bgr_2": {
        "props": {
          "position": [
            {
              "frame": 0,
              "value": [
                -45,
                88.1
              ]
            },
            {
              "frame": 0.16666666666666666,
              "value": [
                -50.8,
                86
              ]
            },
            {
              "frame": 0.3333333333333333,
              "value": [
                -49.1,
                76.3
              ]
            },
            {
              "frame": 0.5,
              "value": [
                -46.7,
                80.6
              ]
            },
            {
              "frame": 0.6666666666666666,
              "value": [
                -43.7,
                85
              ]
            }
          ],
          "rotation": [
            {
              "frame": 0,
              "value": -7
            },
            {
              "frame": 0.16666666666666666,
              "value": -2
            },
            {
              "frame": 0.3333333333333333,
              "value": 0
            },
            {
              "frame": 0.5,
              "value": -7
            },
            {
              "frame": 0.6666666666666666,
              "value": -8
            }
          ]
        }
      },
      "gw_bgr_1": {
        "props": {
          "position": [
            {
              "frame": 0,
              "value": [
                0,
                99.6
              ]
            },
            {
              "frame": 0.16666666666666666,
              "value": [
                -1.7,
                93.8
              ]
            },
            {
              "frame": 0.3333333333333333,
              "value": [
                -0.8,
                88.9
              ]
            },
            {
              "frame": 0.5,
              "value": [
                0,
                94.5
              ]
            },
            {
              "frame": 0.6666666666666666,
              "value": [
                0,
                97.9
              ]
            }
          ],
          "width": [
            {
              "frame": 0,
              "value": 88
            },
            {
              "frame": 0.16666666666666666,
              "value": 88
            },
            {
              "frame": 0.3333333333333333,
              "value": 88
            }
          ],
          "height": [
            {
              "frame": 0,
              "value": 197
            },
            {
              "frame": 0.16666666666666666,
              "value": 185.4
            },
            {
              "frame": 0.3333333333333333,
              "value": 175.4
            },
            {
              "frame": 0.5,
              "value": 186.8
            },
            {
              "frame": 0.6666666666666666,
              "value": 193.6
            }
          ]
        }
      },
      "gw_bgr_3": {
        "props": {
          "position": [
            {
              "frame": 0,
              "value": [
                52.8,
                89.7
              ]
            },
            {
              "frame": 0.16666666666666666,
              "value": [
                54,
                85.1
              ]
            },
            {
              "frame": 0.3333333333333333,
              "value": [
                56.3,
                76.4
              ]
            },
            {
              "frame": 0.5,
              "value": [
                52.7,
                79.5
              ]
            },
            {
              "frame": 0.6666666666666666,
              "value": [
                51.6,
                82.7
              ]
            }
          ],
          "rotation": [
            {
              "frame": 0,
              "value": 3
            },
            {
              "frame": 0.16666666666666666,
              "value": 0
            },
            {
              "frame": 0.3333333333333333,
              "value": 0
            },
            {
              "frame": 0.5,
              "value": 4
            },
            {
              "frame": 0.6666666666666666,
              "value": 6
            }
          ]
        }
      }
    }
  },
  "events": []
}