{
  "__type__": "cc.AnimationClip",
  "_name": "monster_5",
  "_objFlags": 0,
  "_rawFiles": null,
  "_duration": 1.1666666666666667,
  "sample": 60,
  "speed": 1,
  "wrapMode": "2",
  "curveData": {
    "paths": {
      "xww_1": {
        "props": {
          "position": [
            {
              "frame": 0,
              "value": [
                -1.9,
                131.5
              ]
            },
            {
              "frame": 0.16666666666666666,
              "value": [
                -7.9,
                131.5
              ]
            },
            {
              "frame": 0.3333333333333333,
              "value": [
                -9.6,
                131.5
              ]
            },
            {
              "frame": 0.5,
              "value": [
                -7.9,
                131.5
              ]
            },
            {
              "frame": 0.6666666666666666,
              "value": [
                -1.9,
                131.5
              ]
            },
            {
              "frame": 0.8333333333333334,
              "value": [
                3.6,
                131.5
              ]
            },
            {
              "frame": 1,
              "value": [
                7.9,
                131.5
              ]
            },
            {
              "frame": 1.1666666666666667,
              "value": [
                3.6,
                131.5
              ]
            }
          ],
          "rotation": [
            {
              "frame": 0,
              "value": 0
            },
            {
              "frame": 0.16666666666666666,
              "value": -6
            },
            {
              "frame": 0.3333333333333333,
              "value": -8
            },
            {
              "frame": 0.5,
              "value": -6
            },
            {
              "frame": 0.6666666666666666,
              "value": 0
            },
            {
              "frame": 0.8333333333333334,
              "value": 6
            },
            {
              "frame": 1,
              "value": 8
            },
            {
              "frame": 1.1666666666666667,
              "value": 6
            }
          ]
        }
      },
      "xww_2": {
        "props": {
          "position": [
            {
              "frame": 0,
              "value": [
                -63.2,
                172.6
              ]
            },
            {
              "frame": 0.16666666666666666,
              "value": [
                -71.4,
                169.4
              ]
            },
            {
              "frame": 0.3333333333333333,
              "value": [
                -75.4,
                167.3
              ]
            },
            {
              "frame": 0.5,
              "value": [
                -69.1,
                171.1
              ]
            },
            {
              "frame": 0.6666666666666666,
              "value": [
                -63.2,
                172.6
              ]
            },
            {
              "frame": 0.8333333333333334,
              "value": [
                -51,
                175.9
              ]
            },
            {
              "frame": 1,
              "value": [
                -42.6,
                178.9
              ]
            },
            {
              "frame": 1.1666666666666667,
              "value": [
                -51,
                175.9
              ]
            }
          ],
          "rotation": [
            {
              "frame": 0,
              "value": 0
            },
            {
              "frame": 0.16666666666666666,
              "value": 0
            },
            {
              "frame": 0.3333333333333333,
              "value": 0
            },
            {
              "frame": 0.5,
              "value": 0
            },
            {
              "frame": 0.6666666666666666,
              "value": 0
            },
            {
              "frame": 0.8333333333333334,
              "value": -2
            },
            {
              "frame": 1,
              "value": 5
            },
            {
              "frame": 1.1666666666666667,
              "value": -2
            }
          ]
        }
      },
      "xww_4": {
        "props": {
          "width": [
            {
              "frame": 0,
              "value": 72
            }
          ],
          "height": [
            {
              "frame": 0,
              "value": 75
            },
            {
              "frame": 0.16666666666666666,
              "value": 70.9
            },
            {
              "frame": 0.3333333333333333,
              "value": 66.8
            },
            {
              "frame": 0.5,
              "value": 70.9
            },
            {
              "frame": 0.6666666666666666,
              "value": 75
            },
            {
              "frame": 0.8333333333333334,
              "value": 70.9
            },
            {
              "frame": 1,
              "value": 66.8
            },
            {
              "frame": 1.1666666666666667,
              "value": 70
            }
          ]
        }
      },
      "xww_3": {
        "props": {
          "position": [
            {
              "frame": 0,
              "value": [
                -29.4,
                96.6
              ]
            },
            {
              "frame": 0.16666666666666666,
              "value": [
                -35.4,
                93.6
              ]
            },
            {
              "frame": 0.3333333333333333,
              "value": [
                -38.3,
                92.4
              ]
            },
            {
              "frame": 0.5,
              "value": [
                -35.4,
                93.6
              ]
            },
            {
              "frame": 0.6666666666666666,
              "value": [
                -28.2,
                97.8
              ]
            },
            {
              "frame": 0.8333333333333334,
              "value": [
                -23.4,
                100.3
              ]
            },
            {
              "frame": 1,
              "value": [
                -18.5,
                99.8
              ]
            },
            {
              "frame": 1.1666666666666667,
              "value": [
                -23.4,
                99.8
              ]
            }
          ],
          "rotation": [
            {
              "frame": 0,
              "value": 0
            },
            {
              "frame": 0.16666666666666666,
              "value": -6
            },
            {
              "frame": 0.3333333333333333,
              "value": -8
            },
            {
              "frame": 0.5,
              "value": -6
            },
            {
              "frame": 0.6666666666666666,
              "value": 0
            },
            {
              "frame": 0.8333333333333334,
              "value": 6
            },
            {
              "frame": 1,
              "value": 8
            },
            {
              "frame": 1.1666666666666667,
              "value": 6
            }
          ]
        }
      },
      "xww_3_1": {
        "props": {
          "position": [
            {
              "frame": 0,
              "value": [
                26.8,
                96.6
              ]
            },
            {
              "frame": 0.16666666666666666,
              "value": [
                22.4,
                99
              ]
            },
            {
              "frame": 0.3333333333333333,
              "value": [
                19.7,
                100.1
              ]
            },
            {
              "frame": 0.5,
              "value": [
                22.6,
                99.1
              ]
            },
            {
              "frame": 0.6666666666666666,
              "value": [
                28.2,
                96.6
              ]
            },
            {
              "frame": 0.8333333333333334,
              "value": [
                34.9,
                94.1
              ]
            },
            {
              "frame": 1,
              "value": [
                39.6,
                91.4
              ]
            },
            {
              "frame": 1.1666666666666667,
              "value": [
                34.7,
                92.7
              ]
            }
          ],
          "rotation": [
            {
              "frame": 0,
              "value": 0
            },
            {
              "frame": 0.16666666666666666,
              "value": -6
            },
            {
              "frame": 0.3333333333333333,
              "value": -8
            },
            {
              "frame": 0.5,
              "value": -6
            },
            {
              "frame": 0.6666666666666666,
              "value": 0
            },
            {
              "frame": 0.8333333333333334,
              "value": 6
            },
            {
              "frame": 1,
              "value": 8
            },
            {
              "frame": 1.1666666666666667,
              "value": 6
            }
          ]
        }
      },
      "xww_2_1": {
        "props": {
          "position": [
            {
              "frame": 0,
              "value": [
                58.9,
                172.6
              ]
            },
            {
              "frame": 0.16666666666666666,
              "value": [
                54,
                174.1
              ]
            },
            {
              "frame": 0.3333333333333333,
              "value": [
                50.8,
                174.9
              ]
            },
            {
              "frame": 0.5,
              "value": [
                53.1,
                174.9
              ]
            },
            {
              "frame": 0.6666666666666666,
              "value": [
                63.3,
                171.7
              ]
            },
            {
              "frame": 0.8333333333333334,
              "value": [
                69.2,
                169.3
              ]
            },
            {
              "frame": 1,
              "value": [
                77.7,
                164.5
              ]
            },
            {
              "frame": 1.1666666666666667,
              "value": [
                69.2,
                169.3
              ]
            }
          ],
          "rotation": [
            {
              "frame": 0,
              "value": 0
            },
            {
              "frame": 0.16666666666666666,
              "value": 0
            },
            {
              "frame": 0.3333333333333333,
              "value": 0
            },
            {
              "frame": 0.5,
              "value": 0
            },
            {
              "frame": 0.6666666666666666,
              "value": 0
            },
            {
              "frame": 0.8333333333333334,
              "value": -2
            },
            {
              "frame": 1,
              "value": 5
            },
            {
              "frame": 1.1666666666666667,
              "value": -2
            }
          ]
        }
      },
      "xww_6": {
        "props": {
          "position": [
            {
              "frame": 0,
              "value": [
                -27.1,
                3.2
              ]
            }
          ]
        }
      },
      "xww_6_1": {
        "props": {
          "position": [
            {
              "frame": 0,
              "value": [
                4.2,
                2.4
              ]
            }
          ]
        }
      },
      "xww_5": {
        "props": {
          "position": [
            {
              "frame": 0,
              "value": [
                -34.5,
                27.5
              ]
            }
          ],
          "rotation": [
            {
              "frame": 0,
              "value": 25
            },
            {
              "frame": 0.16666666666666666,
              "value": 20
            },
            {
              "frame": 0.3333333333333333,
              "value": 11
            },
            {
              "frame": 0.5,
              "value": 20
            },
            {
              "frame": 0.6666666666666666,
              "value": 25
            },
            {
              "frame": 0.8333333333333334,
              "value": 33
            },
            {
              "frame": 1,
              "value": 42
            },
            {
              "frame": 1.1666666666666667,
              "value": 33
            }
          ]
        }
      },
      "xww_5_1": {
        "props": {
          "position": [
            {
              "frame": 0,
              "value": [
                26.7,
                26
              ]
            }
          ],
          "rotation": [
            {
              "frame": 0,
              "value": -15
            },
            {
              "frame": 0.16666666666666666,
              "value": -29
            },
            {
              "frame": 0.3333333333333333,
              "value": -33
            },
            {
              "frame": 0.5,
              "value": -29
            },
            {
              "frame": 0.6666666666666666,
              "value": -15
            },
            {
              "frame": 0.8333333333333334,
              "value": -11
            },
            {
              "frame": 1,
              "value": -7
            },
            {
              "frame": 1.1666666666666667,
              "value": -11
            }
          ]
        }
      },
      "xww_8": {
        "props": {
          "position": [
            {
              "frame": 0,
              "value": [
                -152.1,
                130.8
              ]
            },
            {
              "frame": 0.3333333333333333,
              "value": [
                -160,
                134
              ]
            },
            {
              "frame": 0.5,
              "value": [
                -174,
                132
              ]
            }
          ],
          "opacity": [
            {
              "frame": 0,
              "value": 0
            },
            {
              "frame": 0.16666666666666666,
              "value": 255
            },
            {
              "frame": 0.3333333333333333,
              "value": 0
            }
          ],
          "rotation": [
            {
              "frame": 0,
              "value": 0
            },
            {
              "frame": 0.16666666666666666,
              "value": -17
            },
            {
              "frame": 0.3333333333333333,
              "value": -42
            }
          ]
        }
      },
      "xww_9": {
        "props": {
          "position": [
            {
              "frame": 0,
              "value": [
                -2.3,
                247.6
              ]
            },
            {
              "frame": 0.3333333333333333,
              "value": [
                11,
                257
              ]
            },
            {
              "frame": 0.5,
              "value": [
                25,
                269
              ]
            }
          ],
          "opacity": [
            {
              "frame": 0,
              "value": 0
            },
            {
              "frame": 0.16666666666666666,
              "value": 0
            },
            {
              "frame": 0.3333333333333333,
              "value": 255
            },
            {
              "frame": 0.5,
              "value": 0
            }
          ],
          "rotation": [
            {
              "frame": 0,
              "value": 0
            },
            {
              "frame": 0.3333333333333333,
              "value": 39
            },
            {
              "frame": 0.5,
              "value": 72
            }
          ]
        }
      },
      "xww_7": {
        "props": {
          "position": [
            {
              "frame": 0,
              "value": [
                121,
                126.5
              ]
            },
            {
              "frame": 0.6666666666666666,
              "value": [
                134,
                126
              ]
            },
            {
              "frame": 0.8333333333333334,
              "value": [
                143,
                126
              ]
            }
          ],
          "opacity": [
            {
              "frame": 0,
              "value": 0
            },
            {
              "frame": 0.5,
              "value": 0
            },
            {
              "frame": 0.6666666666666666,
              "value": 255
            },
            {
              "frame": 0.8333333333333334,
              "value": 0
            }
          ],
          "rotation": [
            {
              "frame": 0,
              "value": 0
            },
            {
              "frame": 0.6666666666666666,
              "value": 33
            },
            {
              "frame": 0.8333333333333334,
              "value": 54
            }
          ]
        }
      }
    }
  },
  "events": []
}