{
  "__type__": "cc.SpriteAtlas",
  "_name": "gameUiTwo.plist",
  "_objFlags": 0,
  "_native": "",
  "_spriteFrames": {
    "cjws_bg_1": {
      "__uuid__": "794d42d7-7c84-49a2-97e0-b269e0efb395"
    },
    "cjws_bg_2": {
      "__uuid__": "8c2bc671-bf3e-41a5-8a2a-d3d4d1b37248"
    },
    "dljl_bg_1": {
      "__uuid__": "79d47e6b-18dd-46d8-aa91-d21bd838baf5"
    },
    "dljl_bg_1_2": {
      "__uuid__": "8cb464cb-a0f4-460e-b41e-4ab6b0391649"
    },
    "dljl_bg_2": {
      "__uuid__": "59d60b8a-7b93-4b5d-9dfe-529606ecd160"
    },
    "dljl_bg_3": {
      "__uuid__": "988f1b19-4307-48e1-9225-363185d09708"
    },
    "dljl_bg_4": {
      "__uuid__": "706753b9-8c2f-47e8-905f-68b97c70cd0a"
    },
    "dljl_bg_5": {
      "__uuid__": "f58d7275-4d8b-44d9-ad22-6ce716a42c5d"
    },
    "dljl_icon_bx": {
      "__uuid__": "1b469701-0c46-4421-b3ab-fb513a5593e3"
    },
    "dljl_icon_dzs": {
      "__uuid__": "9a3e8f25-5edb-4a86-8f63-4535d0e899c5"
    },
    "dljl_icon_jb": {
      "__uuid__": "45003d62-49f2-4f42-82f9-6d786e850fc0"
    },
    "dljl_icon_zs": {
      "__uuid__": "cb69ed44-a133-47e3-ad92-8f46eb61b3de"
    },
    "gshs_gb_1": {
      "__uuid__": "59f2e4a6-0b69-493d-b034-5df0140256e0"
    },
    "gshs_gb_2": {
      "__uuid__": "342fca98-1045-4ba2-95d1-408590339791"
    },
    "gssd_bg_1": {
      "__uuid__": "afdcc65f-44e6-4ba8-95da-ae17cf14b1c2"
    },
    "gssd_bg_2": {
      "__uuid__": "ba5df573-63e6-444b-be42-2a9917069dfe"
    },
    "gssd_bt_1": {
      "__uuid__": "7478c9fc-8620-4b1d-a2d3-bb1ef057e61d"
    },
    "gssd_bt_2": {
      "__uuid__": "cc84e7a2-b421-46d8-af17-33a6f7c4921b"
    },
    "gssd_icon_ck": {
      "__uuid__": "62bb6e14-43dd-48f0-ac0c-7126583ef48f"
    },
    "gssd_icon_jb": {
      "__uuid__": "1da30631-d97f-4ed2-a160-c21f49eb3957"
    },
    "gssd_icon_zs": {
      "__uuid__": "3bd3faba-d072-4011-9b27-38b3fd4e04e0"
    },
    "gstj_bg_1": {
      "__uuid__": "3b1851de-6c21-442e-9569-3b5ff5de001e"
    },
    "gstj_bg_2": {
      "__uuid__": "78dd1626-6fb5-4c46-8bb3-47579d139286"
    },
    "gstj_bg_3": {
      "__uuid__": "1374f06c-67c4-450e-bf99-e91484fddb8e"
    },
    "gstj_bg_4": {
      "__uuid__": "34a7a13c-70b8-42ed-a398-5b1ea6294cd5"
    },
    "gstj_bg_5": {
      "__uuid__": "e78178b6-d811-4c02-81c3-a65369a8e850"
    },
    "gstj_bg_fgx": {
      "__uuid__": "cea564c7-5e8e-4e57-a310-0bba8610ab84"
    },
    "gstj_bg_max": {
      "__uuid__": "fd4afbed-05b2-447c-a3e7-d2b06feb908c"
    },
    "gstj_icon_baoxiang": {
      "__uuid__": "668dc762-5d4f-4d9a-abaa-96cd2106269a"
    },
    "gstj_jdt_1": {
      "__uuid__": "d243ec5e-8dc3-4c52-93ad-6446f80b30b1"
    },
    "gstj_jdt_2": {
      "__uuid__": "8deb87c8-079a-447f-85e2-cb0b7f98010f"
    },
    "hbxx_bg_1": {
      "__uuid__": "504d82dc-8df9-4cd9-bc98-35aad48a68ab"
    },
    "hbxx_bg_2": {
      "__uuid__": "e5222b3f-966d-4d9d-a9bc-dfa3da0cd5df"
    },
    "hbxx_bg_3": {
      "__uuid__": "7d1d8763-d293-4e77-b91b-3582862572e4"
    },
    "hbxx_bt_sm": {
      "__uuid__": "5ac3c41d-3074-4348-a6db-63c002479cf3"
    },
    "hbxx_icon_ck": {
      "__uuid__": "c292cdf6-427e-44e0-90fd-40375f469773"
    },
    "hbxx_icon_jb": {
      "__uuid__": "62d239a5-59ec-4a0b-9110-b4b8ae323067"
    },
    "hbxx_icon_zs": {
      "__uuid__": "65a0a756-59c0-42a1-94cd-4c6514fd33a7"
    },
    "hyzl_bg_1": {
      "__uuid__": "1c105173-d036-4558-b51f-57b53a93d8ee"
    },
    "hyzl_bg_2": {
      "__uuid__": "cac35dae-158c-489b-b367-c8880eb654c9"
    },
    "hyzl_bg_3": {
      "__uuid__": "d91f0ba7-25ad-4d11-8cbd-1def9a431e0d"
    },
    "hyzl_bt_1": {
      "__uuid__": "23785152-37e9-4e34-a407-fddea3829c2f"
    },
    "jlfb_bg_1": {
      "__uuid__": "458bdeb7-fa1b-40e3-9aca-ae0033ec4c53"
    },
    "jscj_bg_1": {
      "__uuid__": "a233833d-33d6-49fc-93df-cf03e7ce6bb2"
    },
    "jscj_bg_2": {
      "__uuid__": "5c14cf2e-e12e-4b4b-a748-9247a6dcb6b6"
    },
    "lxsy_bg_1": {
      "__uuid__": "dcc710d7-675d-4f57-a196-5ab65ff107ad"
    },
    "lxsy_bg_2": {
      "__uuid__": "43542a44-cc28-49e4-a797-915f03afaa82"
    },
    "mfzs_bg_1": {
      "__uuid__": "a4bd700e-9f7e-4b57-9970-af973aba2635"
    },
    "mrrw_bg_1": {
      "__uuid__": "243284c0-cb01-462f-b51c-ba8f0ba3983b"
    },
    "mrrw_bg_2": {
      "__uuid__": "7fa60bdf-d461-4b61-94d4-4b9350f22ce3"
    },
    "mrrw_bg_3": {
      "__uuid__": "7a4ea579-9871-4115-b4a6-d563b0aea821"
    },
    "mrrw_bt_shuaxin_1": {
      "__uuid__": "c899db1e-50fb-4dfc-bb93-4509ec8998a7"
    },
    "mrrw_bt_shuaxin_2": {
      "__uuid__": "3d41f80c-b012-41dd-b4ec-fd824f21d6a9"
    },
    "mrrw_icon_1": {
      "__uuid__": "8e3ff05e-8fd2-48bd-b01a-32fffd949f1b"
    },
    "mrrw_icon_2": {
      "__uuid__": "6a7f37bc-9fa7-4863-bd7f-fcf7029fe948"
    },
    "mrrw_icon_3": {
      "__uuid__": "01a7960d-0a54-4520-afee-449dfe70b61a"
    },
    "mrrw_icon_4": {
      "__uuid__": "b00743bc-6ff3-4782-b6ca-3ed3846a98e1"
    },
    "mrrw_icon_5": {
      "__uuid__": "2b4989fd-f6e8-447d-837a-55c3ea8dbbb9"
    },
    "mrrw_icon_6": {
      "__uuid__": "601414fb-9076-48cb-b17d-be5f485a09c6"
    },
    "mrrw_jdt_1": {
      "__uuid__": "3fe72ac0-da64-4236-bad6-d99ff7ec5c2d"
    },
    "mrrw_jdt_2": {
      "__uuid__": "41e28135-91a4-4119-93d2-19645fc630b6"
    },
    "qlp_bg_1": {
      "__uuid__": "fb1c8e67-756c-449b-b254-f4a79c6044aa"
    },
    "sm_bg_1": {
      "__uuid__": "8f5f0a0c-72a1-4c0a-9142-971c66f3a8a5"
    },
    "sm_bg_2": {
      "__uuid__": "cbe0b916-cd12-4164-a91e-8d73106d9ba8"
    },
    "syjc_bg_1": {
      "__uuid__": "aa0714f3-c9c7-4e4b-bddd-cc0e45a01488"
    },
    "ui_bg_fgx_1": {
      "__uuid__": "69b153d5-55d0-47ff-ae39-106765a5085c"
    },
    "ui_bg_fgx_2": {
      "__uuid__": "9651ff86-1f15-478f-958f-577821f1b73c"
    },
    "ui_icon_bx": {
      "__uuid__": "8cb3342f-f4d9-4fda-960d-0784e22540bc"
    },
    "ui_icon_ck": {
      "__uuid__": "bdc92385-aca7-4b13-8a4b-bc270b8b8db2"
    },
    "ui_icon_jb": {
      "__uuid__": "070ffccb-9e5f-4792-97ba-2fc09f9b318d"
    },
    "ui_icon_zs": {
      "__uuid__": "8284b023-0b5b-41f6-88a9-f85e29de4adc"
    },
    "ui_ty_bg1_1": {
      "__uuid__": "c4b74a28-49c5-4487-969f-817a680c2845"
    },
    "ui_ty_bg1_2": {
      "__uuid__": "57b5c3b0-5afd-45ca-bd32-cab6aadb7dd3"
    },
    "ui_ty_bg1_3": {
      "__uuid__": "a10c9f4d-d99d-4d5f-b670-7e7c0f48ebd3"
    },
    "ui_ty_bg2_1": {
      "__uuid__": "26076487-112e-4658-bdc1-dd4d1ee6d491"
    },
    "ui_ty_bg2_2": {
      "__uuid__": "b60e2506-6c52-41c7-aae5-5177c7fd800a"
    },
    "ui_ty_bg_4_1": {
      "__uuid__": "383d6ff7-8412-46ef-968d-f3584bbdc10b"
    },
    "ui_ty_bg_4_2": {
      "__uuid__": "4f5a48a0-313a-495d-9d1a-3d63af70822c"
    },
    "ui_ty_bg_4_3": {
      "__uuid__": "bfddd966-c5dc-408d-a83a-8d1baad11b57"
    },
    "ui_ty_bg_4_4": {
      "__uuid__": "7adf2d7c-1a20-418d-a2ef-386d8448bb4c"
    },
    "ui_ty_bg_4_5": {
      "__uuid__": "01ca8e37-31d1-47a7-bb01-7f0dfb28309e"
    },
    "ui_ty_bg_fx": {
      "__uuid__": "001c088c-d615-4988-aa65-5e5453dcf73d"
    },
    "ui_ty_bg_hdjl": {
      "__uuid__": "662e7cff-11b0-48af-aa55-981182f1ab1c"
    },
    "ui_ty_bg_sp": {
      "__uuid__": "d1e4308b-8959-4345-9136-98fa4e9cadad"
    },
    "ui_ty_biaotou": {
      "__uuid__": "ad116543-26e0-4358-982f-decfed855390"
    },
    "ui_ty_bt_1": {
      "__uuid__": "a265eddf-498b-4009-b8f5-29c82a1a7066"
    },
    "ui_ty_bt_1_2": {
      "__uuid__": "b29bdc02-2ca6-4f42-a12c-8cd52c64d51d"
    },
    "ui_ty_bt_2_1": {
      "__uuid__": "58a99664-79f9-436a-a865-e3f175ac1fa6"
    },
    "ui_ty_bt_2_2": {
      "__uuid__": "e038b50f-f63e-4127-9154-9e950ac54f1f"
    },
    "ui_ty_bt_3_1": {
      "__uuid__": "c1910fa9-4be2-4411-9d49-7ce511fc89a8"
    },
    "ui_ty_bt_3_2": {
      "__uuid__": "dbba3f7f-aa01-4f9f-b4e4-25cb54d9ac6f"
    },
    "ui_ty_guanbi": {
      "__uuid__": "2b6144dc-fc4b-4432-98b7-71471a053583"
    },
    "ui_ty_tip_bg1": {
      "__uuid__": "781dd634-8b75-4c02-9656-8467d3cd2ebe"
    },
    "ui_ty_tip_bg2": {
      "__uuid__": "fe2fda12-47f2-422a-8250-37c1aafd9fea"
    },
    "ui_ty_tip_bg3_1": {
      "__uuid__": "278b3991-0f8e-4ef9-9aa1-c0a2533c87cc"
    },
    "ui_ty_tip_bg3_2": {
      "__uuid__": "10539d51-f23e-4deb-8b8d-4945d8ad6404"
    },
    "wy_bg_1": {
      "__uuid__": "3f459d66-cd3b-44d1-8ab9-114ecb05f16e"
    },
    "wy_bt_1": {
      "__uuid__": "0a0000f4-ca37-4045-ad42-8d29b72fe6e8"
    },
    "wy_bt_2": {
      "__uuid__": "30b9f0be-cfbd-4d80-a35c-8d2e173be1c3"
    },
    "wy_jdt": {
      "__uuid__": "c8fe98c6-cb80-4e47-9929-c20069da94a4"
    },
    "xslb_bg_1": {
      "__uuid__": "14987852-fc9d-49fb-a0ba-c730ef86fa7c"
    },
    "xslb_bg_2": {
      "__uuid__": "2079f774-af62-4a43-8ee6-99eecc5f1204"
    },
    "xslb_bg_3": {
      "__uuid__": "0f7bc15f-d393-4b60-be01-4d8d9d0e05da"
    },
    "xslb_bg_4": {
      "__uuid__": "df9470cc-1a98-4f68-8ce6-b4a431818550"
    },
    "xyzp_bg_6": {
      "__uuid__": "b9acdc5b-848a-46e0-a5c1-89bb87e2bf04"
    },
    "yqhl_bg_1": {
      "__uuid__": "89203d09-9e58-4d7c-b981-5ec98c9a492c"
    },
    "yqhl_bg_2": {
      "__uuid__": "a9e38f78-7642-4220-b9bf-0d5f267aba20"
    },
    "yqhl_bg_3": {
      "__uuid__": "b3e0315e-6b9c-430f-bdbf-058971c3c82a"
    },
    "yqhl_bg_4": {
      "__uuid__": "e16f7d7f-1b1a-4cc6-9093-31fea5582e33"
    },
    "yqhl_icon_baoxiang_1": {
      "__uuid__": "59fdeb8f-323d-47bb-8e96-4607a0719f74"
    },
    "yqhl_icon_baoxiang_2": {
      "__uuid__": "920da764-877a-4fb8-b812-19fb1bb5e4b5"
    },
    "yqhl_jdt_1_1": {
      "__uuid__": "29eda892-2e5d-46f3-9bc3-6127bb9df2d1"
    },
    "yqhl_jdt_1_2": {
      "__uuid__": "c81e7f5b-d541-42ab-a782-2942c4592300"
    },
    "yqhl_jdt_2_1": {
      "__uuid__": "25cff5ec-512b-4f28-b833-c7051013b951"
    },
    "yqhl_jdt_2_2": {
      "__uuid__": "d36535e2-90fc-4385-8a16-d3618febc127"
    },
    "zy_bt_dljl": {
      "__uuid__": "20dfa31f-8937-4dae-bd3c-d9eee96d3770"
    },
    "zy_bt_gshs": {
      "__uuid__": "bb8b63b9-733d-4994-9100-96297c8a4410"
    },
    "zy_bt_hyzl": {
      "__uuid__": "ff58f972-c54f-43e2-a134-00700cb99aed"
    },
    "zy_bt_mfzs": {
      "__uuid__": "47593abc-0832-49a6-962b-63c958343f8a"
    },
    "zy_bt_mrrw": {
      "__uuid__": "1f90b7bf-eb22-42b0-b651-cc3915187aa5"
    },
    "zy_bt_phb": {
      "__uuid__": "3098c3a0-15a0-46d6-94df-6b1e3a897cb9"
    },
    "zy_bt_tj": {
      "__uuid__": "c9692f5f-468e-44b3-9336-ac19ee7e6ea9"
    },
    "zy_bt_xyzp": {
      "__uuid__": "e0fac9a9-1823-45dc-b3cc-323172a98181"
    },
    "zy_bt_yqhl": {
      "__uuid__": "96b8a6fd-1023-4ff2-8987-60aa41af2c8e"
    }
  }
}