{
  "__type__": "cc.AnimationClip",
  "_name": "boss",
  "_objFlags": 0,
  "_rawFiles": null,
  "_duration": 0.4166666666666667,
  "sample": 60,
  "speed": 1,
  "wrapMode": "2",
  "curveData": {
    "paths": {
      "js_ying": {
        "props": {
          "width": [
            {
              "frame": 0,
              "value": 529
            },
            {
              "frame": 0.08333333333333333,
              "value": 502
            }
          ],
          "height": [
            {
              "frame": 0,
              "value": 277
            },
            {
              "frame": 0.08333333333333333,
              "value": 271
            }
          ]
        }
      },
      "boss_1_1": {
        "props": {
          "position": [
            {
              "frame": 0,
              "value": [
                371,
                724
              ]
            },
            {
              "frame": 0.08333333333333333,
              "value": [
                397,
                713
              ]
            },
            {
              "frame": 0.16666666666666666,
              "value": [
                410,
                680
              ]
            },
            {
              "frame": 0.25,
              "value": [
                385,
                735
              ]
            },
            {
              "frame": 0.3333333333333333,
              "value": [
                347,
                741
              ]
            },
            {
              "frame": 0.4166666666666667,
              "value": [
                337,
                754
              ]
            }
          ],
          "rotation": [
            {
              "frame": 0,
              "value": 0
            },
            {
              "frame": 0.08333333333333333,
              "value": 15
            },
            {
              "frame": 0.16666666666666666,
              "value": 25
            },
            {
              "frame": 0.25,
              "value": 7
            },
            {
              "frame": 0.3333333333333333,
              "value": -4
            },
            {
              "frame": 0.4166666666666667,
              "value": -12
            }
          ]
        }
      },
      "boss_1": {
        "props": {
          "position": [
            {
              "frame": 0,
              "value": [
                -378,
                711
              ]
            },
            {
              "frame": 0.08333333333333333,
              "value": [
                -391,
                701
              ]
            },
            {
              "frame": 0.16666666666666666,
              "value": [
                -419,
                676
              ]
            },
            {
              "frame": 0.25,
              "value": [
                -386,
                729
              ]
            },
            {
              "frame": 0.3333333333333333,
              "value": [
                -336,
                754
              ]
            },
            {
              "frame": 0.4166666666666667,
              "value": [
                -326,
                757
              ]
            }
          ],
          "rotation": [
            {
              "frame": 0,
              "value": 0
            },
            {
              "frame": 0.08333333333333333,
              "value": -15
            },
            {
              "frame": 0.16666666666666666,
              "value": -25
            },
            {
              "frame": 0.25,
              "value": -7
            },
            {
              "frame": 0.3333333333333333,
              "value": 6
            },
            {
              "frame": 0.4166666666666667,
              "value": 13
            }
          ]
        }
      },
      "boss_3": {
        "props": {
          "position": [
            {
              "frame": 0,
              "value": [
                -192,
                609
              ]
            },
            {
              "frame": 0.08333333333333333,
              "value": [
                -203,
                630
              ]
            },
            {
              "frame": 0.16666666666666666,
              "value": [
                -203,
                648
              ]
            },
            {
              "frame": 0.25,
              "value": [
                -203,
                635
              ]
            },
            {
              "frame": 0.3333333333333333,
              "value": [
                -203,
                617
              ]
            },
            {
              "frame": 0.4166666666666667,
              "value": [
                -203,
                614
              ]
            }
          ],
          "rotation": [
            {
              "frame": 0,
              "value": 0
            }
          ]
        }
      },
      "boss_3_1": {
        "props": {
          "position": [
            {
              "frame": 0,
              "value": [
                190,
                611
              ]
            },
            {
              "frame": 0.08333333333333333,
              "value": [
                203,
                630
              ]
            },
            {
              "frame": 0.16666666666666666,
              "value": [
                203,
                643
              ]
            },
            {
              "frame": 0.25,
              "value": [
                203,
                635
              ]
            },
            {
              "frame": 0.3333333333333333,
              "value": [
                203,
                620
              ]
            },
            {
              "frame": 0.4166666666666667,
              "value": [
                203,
                617
              ]
            }
          ],
          "rotation": [
            {
              "frame": 0,
              "value": 0
            }
          ]
        }
      },
      "boss_5_1": {
        "props": {
          "position": [
            {
              "frame": 0,
              "value": [
                369,
                372
              ]
            },
            {
              "frame": 0.08333333333333333,
              "value": [
                369,
                385
              ]
            },
            {
              "frame": 0.16666666666666666,
              "value": [
                369,
                394
              ]
            },
            {
              "frame": 0.25,
              "value": [
                369,
                372
              ]
            },
            {
              "frame": 0.3333333333333333,
              "value": [
                369,
                380
              ]
            },
            {
              "frame": 0.4166666666666667,
              "value": [
                369,
                372
              ]
            }
          ],
          "rotation": [
            {
              "frame": 0,
              "value": 0
            },
            {
              "frame": 0.08333333333333333,
              "value": 0
            },
            {
              "frame": 0.16666666666666666,
              "value": 0
            },
            {
              "frame": 0.25,
              "value": 0
            },
            {
              "frame": 0.3333333333333333,
              "value": 0
            },
            {
              "frame": 0.4166666666666667,
              "value": 0
            }
          ]
        }
      },
      "boss_5": {
        "props": {
          "position": [
            {
              "frame": 0,
              "value": [
                -369,
                372
              ]
            },
            {
              "frame": 0.08333333333333333,
              "value": [
                -369,
                385
              ]
            },
            {
              "frame": 0.16666666666666666,
              "value": [
                -369,
                394
              ]
            },
            {
              "frame": 0.25,
              "value": [
                -369,
                372
              ]
            },
            {
              "frame": 0.3333333333333333,
              "value": [
                -369,
                380
              ]
            },
            {
              "frame": 0.4166666666666667,
              "value": [
                -369,
                372
              ]
            }
          ],
          "rotation": [
            {
              "frame": 0,
              "value": 0
            },
            {
              "frame": 0.08333333333333333,
              "value": 0
            },
            {
              "frame": 0.16666666666666666,
              "value": 0
            },
            {
              "frame": 0.25,
              "value": 0
            }
          ]
        }
      },
      "boss_4_1": {
        "props": {
          "position": [
            {
              "frame": 0,
              "value": [
                336,
                491
              ]
            },
            {
              "frame": 0.08333333333333333,
              "value": [
                336,
                500
              ]
            },
            {
              "frame": 0.16666666666666666,
              "value": [
                336,
                505
              ]
            },
            {
              "frame": 0.25,
              "value": [
                336,
                491
              ]
            },
            {
              "frame": 0.3,
              "value": [
                336,
                491
              ]
            },
            {
              "frame": 0.3333333333333333,
              "value": [
                336,
                485
              ]
            },
            {
              "frame": 0.4166666666666667,
              "value": [
                336,
                482
              ]
            }
          ],
          "rotation": [
            {
              "frame": 0,
              "value": 0
            },
            {
              "frame": 0.08333333333333333,
              "value": 0
            },
            {
              "frame": 0.16666666666666666,
              "value": 0
            },
            {
              "frame": 0.25,
              "value": 0
            },
            {
              "frame": 0.3333333333333333,
              "value": 0
            },
            {
              "frame": 0.4166666666666667,
              "value": 0
            }
          ]
        }
      },
      "boss_4": {
        "props": {
          "position": [
            {
              "frame": 0,
              "value": [
                -336,
                491
              ]
            },
            {
              "frame": 0.08333333333333333,
              "value": [
                -336,
                500
              ]
            },
            {
              "frame": 0.16666666666666666,
              "value": [
                -336,
                505
              ]
            },
            {
              "frame": 0.25,
              "value": [
                -336,
                491
              ]
            },
            {
              "frame": 0.3333333333333333,
              "value": [
                -336,
                485
              ]
            },
            {
              "frame": 0.4166666666666667,
              "value": [
                -336,
                482
              ]
            }
          ],
          "rotation": [
            {
              "frame": 0,
              "value": 0
            },
            {
              "frame": 0.08333333333333333,
              "value": 0
            },
            {
              "frame": 0.16666666666666666,
              "value": 0
            },
            {
              "frame": 0.25,
              "value": 0
            },
            {
              "frame": 0.3333333333333333,
              "value": 0
            },
            {
              "frame": 0.4166666666666667,
              "value": 0
            }
          ]
        }
      },
      "boss_2": {
        "props": {
          "position": [
            {
              "frame": 0,
              "value": [
                -7,
                681
              ]
            },
            {
              "frame": 0.08333333333333333,
              "value": [
                -7,
                707
              ]
            },
            {
              "frame": 0.16666666666666666,
              "value": [
                -7,
                716
              ]
            },
            {
              "frame": 0.25,
              "value": [
                -7,
                693
              ]
            },
            {
              "frame": 0.3333333333333333,
              "value": [
                -7,
                688
              ]
            },
            {
              "frame": 0.4166666666666667,
              "value": [
                -7,
                675
              ]
            }
          ],
          "rotation": [
            {
              "frame": 0,
              "value": 0
            }
          ]
        }
      },
      "boss_14": {
        "props": {
          "position": [
            {
              "frame": 0,
              "value": [
                -5,
                141
              ]
            },
            {
              "frame": 0.08333333333333333,
              "value": [
                -5,
                147
              ]
            },
            {
              "frame": 0.16666666666666666,
              "value": [
                -5,
                165
              ]
            },
            {
              "frame": 0.25,
              "value": [
                -5,
                147
              ]
            },
            {
              "frame": 0.3333333333333333,
              "value": [
                -5,
                129
              ]
            },
            {
              "frame": 0.4166666666666667,
              "value": [
                -5,
                120
              ]
            }
          ]
        }
      },
      "boss_15": {
        "props": {
          "position": [
            {
              "frame": 0,
              "value": [
                3,
                375
              ]
            },
            {
              "frame": 0.08333333333333333,
              "value": [
                9,
                394
              ]
            },
            {
              "frame": 0.16666666666666666,
              "value": [
                3,
                401
              ]
            },
            {
              "frame": 0.25,
              "value": [
                -3,
                385
              ]
            },
            {
              "frame": 0.3333333333333333,
              "value": [
                0,
                365
              ]
            },
            {
              "frame": 0.4166666666666667,
              "value": [
                3,
                365
              ]
            }
          ],
          "width": [
            {
              "frame": 0,
              "value": 734
            },
            {
              "frame": 0.08333333333333333,
              "value": 698
            },
            {
              "frame": 0.25,
              "value": 722
            },
            {
              "frame": 0.3333333333333333,
              "value": 746
            }
          ],
          "height": [
            {
              "frame": 0,
              "value": 531
            },
            {
              "frame": 0.08333333333333333,
              "value": 543
            },
            {
              "frame": 0.25,
              "value": 549
            }
          ]
        }
      },
      "boss_10": {
        "props": {
          "position": [
            {
              "frame": 0,
              "value": [
                -203,
                151
              ]
            },
            {
              "frame": 0.08333333333333333,
              "value": [
                -203,
                174
              ]
            },
            {
              "frame": 0.16666666666666666,
              "value": [
                -203,
                184
              ]
            },
            {
              "frame": 0.25,
              "value": [
                -203,
                174
              ]
            },
            {
              "frame": 0.3333333333333333,
              "value": [
                -203,
                149
              ]
            },
            {
              "frame": 0.4166666666666667,
              "value": [
                -203,
                134
              ]
            }
          ]
        }
      },
      "boss_10_1": {
        "props": {
          "position": [
            {
              "frame": 0,
              "value": [
                206,
                151
              ]
            },
            {
              "frame": 0.08333333333333333,
              "value": [
                206,
                170
              ]
            },
            {
              "frame": 0.16666666666666666,
              "value": [
                206,
                183
              ]
            },
            {
              "frame": 0.25,
              "value": [
                206,
                173
              ]
            },
            {
              "frame": 0.3333333333333333,
              "value": [
                206,
                155
              ]
            },
            {
              "frame": 0.4166666666666667,
              "value": [
                206,
                135
              ]
            }
          ]
        }
      },
      "boss_17": {
        "props": {
          "position": [
            {
              "frame": 0,
              "value": [
                3,
                518
              ]
            },
            {
              "frame": 0.08333333333333333,
              "value": [
                3,
                545
              ]
            },
            {
              "frame": 0.16666666666666666,
              "value": [
                3,
                563
              ]
            },
            {
              "frame": 0.25,
              "value": [
                3,
                545
              ]
            },
            {
              "frame": 0.3333333333333333,
              "value": [
                3,
                532
              ]
            },
            {
              "frame": 0.4166666666666667,
              "value": [
                3,
                524
              ]
            }
          ],
          "rotation": [
            {
              "frame": 0,
              "value": 0
            },
            {
              "frame": 0.08333333333333333,
              "value": 0
            },
            {
              "frame": 0.16666666666666666,
              "value": 0
            },
            {
              "frame": 0.25,
              "value": 0
            },
            {
              "frame": 0.3333333333333333,
              "value": 0
            }
          ]
        }
      },
      "boss_6": {
        "props": {
          "position": [
            {
              "frame": 0,
              "value": [
                -250,
                290
              ]
            },
            {
              "frame": 0.08333333333333333,
              "value": [
                -250,
                316
              ]
            },
            {
              "frame": 0.16666666666666666,
              "value": [
                -250,
                336
              ]
            },
            {
              "frame": 0.25,
              "value": [
                -250,
                316
              ]
            },
            {
              "frame": 0.3333333333333333,
              "value": [
                -250,
                298
              ]
            },
            {
              "frame": 0.4166666666666667,
              "value": [
                -250,
                288
              ]
            }
          ],
          "rotation": [
            {
              "frame": 0,
              "value": 0
            }
          ]
        }
      },
      "boss_16": {
        "props": {
          "position": [
            {
              "frame": 0,
              "value": [
                10,
                466
              ]
            },
            {
              "frame": 0.08333333333333333,
              "value": [
                10,
                484
              ]
            },
            {
              "frame": 0.16666666666666666,
              "value": [
                10,
                508
              ]
            },
            {
              "frame": 0.25,
              "value": [
                10,
                503
              ]
            },
            {
              "frame": 0.3333333333333333,
              "value": [
                10,
                477
              ]
            },
            {
              "frame": 0.4166666666666667,
              "value": [
                10,
                466
              ]
            }
          ],
          "rotation": [
            {
              "frame": 0,
              "value": 0
            },
            {
              "frame": 0.08333333333333333,
              "value": 0
            },
            {
              "frame": 0.11666666666666667,
              "value": 0
            },
            {
              "frame": 0.16666666666666666,
              "value": 0
            },
            {
              "frame": 0.25,
              "value": 0
            },
            {
              "frame": 0.3333333333333333,
              "value": 0
            }
          ]
        }
      },
      "boss_6_1": {
        "props": {
          "position": [
            {
              "frame": 0,
              "value": [
                265,
                290
              ]
            },
            {
              "frame": 0.08333333333333333,
              "value": [
                265,
                316
              ]
            },
            {
              "frame": 0.16666666666666666,
              "value": [
                265,
                339
              ]
            },
            {
              "frame": 0.25,
              "value": [
                265,
                316
              ]
            },
            {
              "frame": 0.3333333333333333,
              "value": [
                265,
                298
              ]
            },
            {
              "frame": 0.4166666666666667,
              "value": [
                265,
                290
              ]
            }
          ],
          "rotation": [
            {
              "frame": 0,
              "value": 0
            }
          ]
        }
      },
      "boss_7": {
        "props": {
          "position": [
            {
              "frame": 0,
              "value": [
                -249,
                156
              ]
            },
            {
              "frame": 0.08333333333333333,
              "value": [
                -249,
                186
              ]
            },
            {
              "frame": 0.16666666666666666,
              "value": [
                -249,
                209
              ]
            },
            {
              "frame": 0.25,
              "value": [
                -249,
                196
              ]
            },
            {
              "frame": 0.3333333333333333,
              "value": [
                -249,
                178
              ]
            },
            {
              "frame": 0.4166666666666667,
              "value": [
                -249,
                170
              ]
            }
          ]
        }
      },
      "boss_8": {
        "props": {
          "position": [
            {
              "frame": 0,
              "value": [
                -195,
                164
              ]
            },
            {
              "frame": 0.08333333333333333,
              "value": [
                -195,
                202
              ]
            },
            {
              "frame": 0.16666666666666666,
              "value": [
                -195,
                230
              ]
            },
            {
              "frame": 0.25,
              "value": [
                -195,
                212
              ]
            },
            {
              "frame": 0.3333333333333333,
              "value": [
                -195,
                184
              ]
            },
            {
              "frame": 0.4166666666666667,
              "value": [
                -195,
                172
              ]
            }
          ]
        }
      },
      "boss_9": {
        "props": {
          "position": [
            {
              "frame": 0,
              "value": [
                -142,
                198
              ]
            },
            {
              "frame": 0.08333333333333333,
              "value": [
                -142,
                234
              ]
            },
            {
              "frame": 0.16666666666666666,
              "value": [
                -142,
                257
              ]
            },
            {
              "frame": 0.25,
              "value": [
                -142,
                234
              ]
            },
            {
              "frame": 0.3333333333333333,
              "value": [
                -142,
                211
              ]
            },
            {
              "frame": 0.4166666666666667,
              "value": [
                -142,
                206
              ]
            }
          ]
        }
      },
      "boss_11": {
        "props": {
          "position": [
            {
              "frame": 0,
              "value": [
                -202,
                53
              ]
            },
            {
              "frame": 0.08333333333333333,
              "value": [
                -202,
                87
              ]
            },
            {
              "frame": 0.16666666666666666,
              "value": [
                -202,
                95
              ]
            },
            {
              "frame": 0.25,
              "value": [
                -202,
                87
              ]
            },
            {
              "frame": 0.3333333333333333,
              "value": [
                -202,
                67
              ]
            },
            {
              "frame": 0.4166666666666667,
              "value": [
                -202,
                54
              ]
            }
          ]
        }
      },
      "boss_12": {
        "props": {
          "position": [
            {
              "frame": 0,
              "value": [
                -150,
                58
              ]
            },
            {
              "frame": 0.08333333333333333,
              "value": [
                -150,
                84
              ]
            },
            {
              "frame": 0.16666666666666666,
              "value": [
                -150,
                97
              ]
            },
            {
              "frame": 0.25,
              "value": [
                -150,
                87
              ]
            },
            {
              "frame": 0.3333333333333333,
              "value": [
                -150,
                69
              ]
            },
            {
              "frame": 0.4166666666666667,
              "value": [
                -150,
                59
              ]
            }
          ]
        }
      },
      "boss_13": {
        "props": {
          "position": [
            {
              "frame": 0,
              "value": [
                -105,
                75
              ]
            },
            {
              "frame": 0.08333333333333333,
              "value": [
                -105,
                98
              ]
            },
            {
              "frame": 0.16666666666666666,
              "value": [
                -105,
                118
              ]
            },
            {
              "frame": 0.25,
              "value": [
                -105,
                103
              ]
            },
            {
              "frame": 0.3333333333333333,
              "value": [
                -105,
                83
              ]
            },
            {
              "frame": 0.4166666666666667,
              "value": [
                -105,
                78
              ]
            }
          ]
        }
      },
      "boss_7_1": {
        "props": {
          "position": [
            {
              "frame": 0,
              "value": [
                278,
                156
              ]
            },
            {
              "frame": 0.08333333333333333,
              "value": [
                278,
                184
              ]
            },
            {
              "frame": 0.16666666666666666,
              "value": [
                278,
                214
              ]
            },
            {
              "frame": 0.25,
              "value": [
                278,
                201
              ]
            },
            {
              "frame": 0.3333333333333333,
              "value": [
                278,
                181
              ]
            },
            {
              "frame": 0.4166666666666667,
              "value": [
                278,
                171
              ]
            }
          ]
        }
      },
      "boss_8_1": {
        "props": {
          "position": [
            {
              "frame": 0,
              "value": [
                216,
                164
              ]
            },
            {
              "frame": 0.08333333333333333,
              "value": [
                216,
                192
              ]
            },
            {
              "frame": 0.16666666666666666,
              "value": [
                216,
                220
              ]
            },
            {
              "frame": 0.25,
              "value": [
                216,
                207
              ]
            },
            {
              "frame": 0.3333333333333333,
              "value": [
                216,
                187
              ]
            },
            {
              "frame": 0.4166666666666667,
              "value": [
                216,
                172
              ]
            }
          ]
        }
      },
      "boss_9_1": {
        "props": {
          "position": [
            {
              "frame": 0,
              "value": [
                160,
                198
              ]
            },
            {
              "frame": 0.08333333333333333,
              "value": [
                160,
                226
              ]
            },
            {
              "frame": 0.16666666666666666,
              "value": [
                160,
                254
              ]
            },
            {
              "frame": 0.25,
              "value": [
                160,
                234
              ]
            },
            {
              "frame": 0.3333333333333333,
              "value": [
                160,
                214
              ]
            },
            {
              "frame": 0.4166666666666667,
              "value": [
                160,
                209
              ]
            }
          ]
        }
      },
      "boss_11_1": {
        "props": {
          "position": [
            {
              "frame": 0,
              "value": [
                199,
                53
              ]
            },
            {
              "frame": 0.08333333333333333,
              "value": [
                199,
                72
              ]
            },
            {
              "frame": 0.16666666666666666,
              "value": [
                199,
                82
              ]
            },
            {
              "frame": 0.25,
              "value": [
                199,
                77
              ]
            },
            {
              "frame": 0.3333333333333333,
              "value": [
                199,
                72
              ]
            },
            {
              "frame": 0.4166666666666667,
              "value": [
                199,
                62
              ]
            }
          ]
        }
      },
      "boss_12_1": {
        "props": {
          "position": [
            {
              "frame": 0,
              "value": [
                150,
                58
              ]
            },
            {
              "frame": 0.08333333333333333,
              "value": [
                150,
                79
              ]
            },
            {
              "frame": 0.16666666666666666,
              "value": [
                150,
                94
              ]
            },
            {
              "frame": 0.25,
              "value": [
                150,
                84
              ]
            },
            {
              "frame": 0.3333333333333333,
              "value": [
                150,
                69
              ]
            },
            {
              "frame": 0.4166666666666667,
              "value": [
                150,
                66
              ]
            }
          ]
        }
      },
      "boss_13_1": {
        "props": {
          "position": [
            {
              "frame": 0,
              "value": [
                104,
                75
              ]
            },
            {
              "frame": 0.08333333333333333,
              "value": [
                104,
                103
              ]
            },
            {
              "frame": 0.16666666666666666,
              "value": [
                104,
                111
              ]
            },
            {
              "frame": 0.25,
              "value": [
                104,
                106
              ]
            },
            {
              "frame": 0.3333333333333333,
              "value": [
                104,
                96
              ]
            },
            {
              "frame": 0.4166666666666667,
              "value": [
                104,
                86
              ]
            }
          ]
        }
      }
    }
  },
  "events": []
}