{
  "__type__": "cc.AnimationClip",
  "_name": "needle",
  "_objFlags": 0,
  "_native": "",
  "_duration": 0.3333333333333333,
  "sample": 60,
  "speed": 2.5,
  "wrapMode": "54",
  "curveData": {
    "props": {
      "rotation": [
        {
          "frame": 0,
          "value": 0
        },
        {
          "frame": 0.08333333333333333,
          "value": -7
        },
        {
          "frame": 0.16666666666666666,
          "value": 0
        },
        {
          "frame": 0.25,
          "value": 2
        },
        {
          "frame": 0.3333333333333333,
          "value": 0
        }
      ]
    }
  },
  "events": []
}