{
  "__type__": "cc.AnimationClip",
  "_name": "chongwu_3",
  "_objFlags": 0,
  "_native": "",
  "_duration": 1,
  "sample": 60,
  "speed": 1,
  "wrapMode": "2",
  "curveData": {
    "paths": {
      "xcz_6": {
        "props": {
          "position": [
            {
              "frame": 0,
              "value": [
                1.6,
                105
              ]
            },
            {
              "frame": 0.16666666666666666,
              "value": [
                0.3,
                104.8
              ]
            },
            {
              "frame": 0.3333333333333333,
              "value": [
                -2.8,
                105
              ]
            },
            {
              "frame": 0.5,
              "value": [
                0.1,
                105
              ]
            },
            {
              "frame": 0.6666666666666666,
              "value": [
                2.7,
                105
              ]
            },
            {
              "frame": 0.8333333333333334,
              "value": [
                6.4,
                105
              ]
            },
            {
              "frame": 1,
              "value": [
                3.8,
                104.3
              ]
            }
          ],
          "rotation": [
            {
              "frame": 0,
              "value": 0
            },
            {
              "frame": 0.3333333333333333,
              "value": -6
            },
            {
              "frame": 0.5,
              "value": 0
            },
            {
              "frame": 0.8333333333333334,
              "value": 4
            },
            {
              "frame": 1,
              "value": 0
            }
          ]
        }
      },
      "xcz_5": {
        "props": {
          "width": [
            {
              "frame": 0,
              "value": 43
            },
            {
              "frame": 0.5,
              "value": 44.3
            }
          ],
          "height": [
            {
              "frame": 0,
              "value": 44.3
            },
            {
              "frame": 0.16666666666666666,
              "value": 41.5
            },
            {
              "frame": 0.5,
              "value": 43.7
            }
          ],
          "position": [
            {
              "frame": 0,
              "value": [
                -46.2,
                25
              ]
            },
            {
              "frame": 0.16666666666666666,
              "value": [
                -46.2,
                23.6
              ]
            },
            {
              "frame": 0.5,
              "value": [
                -46.2,
                24.7
              ]
            }
          ]
        }
      },
      "xcz_5_1": {
        "props": {
          "width": [
            {
              "frame": 0,
              "value": 43
            }
          ],
          "height": [
            {
              "frame": 0,
              "value": 44.8
            },
            {
              "frame": 0.5,
              "value": 40.9
            },
            {
              "frame": 0.6666666666666666,
              "value": 39.5
            },
            {
              "frame": 0.8333333333333334,
              "value": 39.1
            },
            {
              "frame": 1,
              "value": 43.2
            }
          ],
          "position": [
            {
              "frame": 0,
              "value": [
                50.4,
                25.2
              ]
            },
            {
              "frame": 0.5,
              "value": [
                50.4,
                23.3
              ]
            },
            {
              "frame": 0.6666666666666666,
              "value": [
                50.4,
                22.6
              ]
            },
            {
              "frame": 0.8333333333333334,
              "value": [
                50.4,
                22.4
              ]
            },
            {
              "frame": 1,
              "value": [
                50.4,
                24.4
              ]
            }
          ]
        }
      },
      "xcz_4": {
        "props": {
          "width": [
            {
              "frame": 0,
              "value": 24
            }
          ],
          "height": [
            {
              "frame": 0,
              "value": 42.1
            },
            {
              "frame": 0.16666666666666666,
              "value": 39.6
            },
            {
              "frame": 0.5,
              "value": 42.1
            }
          ],
          "position": [
            {
              "frame": 0,
              "value": [
                -26.2,
                20.8
              ]
            },
            {
              "frame": 0.16666666666666666,
              "value": [
                -26.2,
                19.6
              ]
            },
            {
              "frame": 0.5,
              "value": [
                -26.2,
                20.4
              ]
            }
          ]
        }
      },
      "xcz_4_1": {
        "props": {
          "width": [
            {
              "frame": 0,
              "value": 24
            }
          ],
          "height": [
            {
              "frame": 0,
              "value": 41.6
            },
            {
              "frame": 0.5,
              "value": 39.9
            },
            {
              "frame": 0.6666666666666666,
              "value": 39
            },
            {
              "frame": 0.8333333333333334,
              "value": 36.5
            },
            {
              "frame": 1,
              "value": 41
            }
          ],
          "position": [
            {
              "frame": 0,
              "value": [
                31.4,
                20.5
              ]
            },
            {
              "frame": 0.5,
              "value": [
                31.4,
                19.6
              ]
            },
            {
              "frame": 0.6666666666666666,
              "value": [
                31.4,
                19.2
              ]
            },
            {
              "frame": 0.8333333333333334,
              "value": [
                31.4,
                17.9
              ]
            },
            {
              "frame": 1,
              "value": [
                31.4,
                20.2
              ]
            }
          ]
        }
      },
      "xcz_3": {
        "props": {
          "position": [
            {
              "frame": 0,
              "value": [
                2.6,
                22.3
              ]
            },
            {
              "frame": 0.16666666666666666,
              "value": [
                4.3,
                22.3
              ]
            },
            {
              "frame": 0.3333333333333333,
              "value": [
                3,
                22.3
              ]
            },
            {
              "frame": 0.5,
              "value": [
                0.9,
                22.3
              ]
            },
            {
              "frame": 0.6666666666666666,
              "value": [
                -0.2,
                22.3
              ]
            },
            {
              "frame": 0.8333333333333334,
              "value": [
                0.3,
                22.3
              ]
            },
            {
              "frame": 1,
              "value": [
                1.3,
                22.3
              ]
            }
          ]
        }
      },
      "xcz_2": {
        "props": {
          "position": [
            {
              "frame": 0,
              "value": [
                2.1,
                34.4
              ]
            },
            {
              "frame": 0.16666666666666666,
              "value": [
                1.7,
                34.4
              ]
            },
            {
              "frame": 0.3333333333333333,
              "value": [
                0,
                34.4
              ]
            },
            {
              "frame": 0.5,
              "value": [
                0.9,
                34.4
              ]
            },
            {
              "frame": 0.6666666666666666,
              "value": [
                1.8,
                34.4
              ]
            },
            {
              "frame": 0.8333333333333334,
              "value": [
                2.7,
                34.4
              ]
            },
            {
              "frame": 1,
              "value": [
                1.8,
                34.4
              ]
            }
          ]
        }
      },
      "xcz_1": {
        "props": {
          "position": [
            {
              "frame": 0,
              "value": [
                2.1,
                66.7
              ]
            },
            {
              "frame": 0.16666666666666666,
              "value": [
                0.8,
                66.6
              ]
            },
            {
              "frame": 0.3333333333333333,
              "value": [
                -0.3,
                66.5
              ]
            },
            {
              "frame": 0.5,
              "value": [
                2.3,
                66.5
              ]
            },
            {
              "frame": 0.6666666666666666,
              "value": [
                3.4,
                66.4
              ]
            },
            {
              "frame": 0.8333333333333334,
              "value": [
                4.1,
                66.4
              ]
            },
            {
              "frame": 1,
              "value": [
                3,
                66.4
              ]
            }
          ],
          "rotation": [
            {
              "frame": 0,
              "value": 0
            },
            {
              "frame": 0.16666666666666666,
              "value": -3
            },
            {
              "frame": 0.5,
              "value": 0
            },
            {
              "frame": 0.6666666666666666,
              "value": 3
            },
            {
              "frame": 0.8333333333333334,
              "value": 4
            },
            {
              "frame": 1,
              "value": -1
            }
          ]
        }
      }
    },
    "props": {
      "position": [],
      "width": [],
      "height": []
    }
  },
  "events": []
}