{
  "__type__": "cc.AnimationClip",
  "_name": "chongwu_4",
  "_objFlags": 0,
  "_native": "",
  "_duration": 1.3333333333333333,
  "sample": 60,
  "speed": 1,
  "wrapMode": "2",
  "curveData": {
    "paths": {
      "xiaol_4": {
        "props": {
          "position": [
            {
              "frame": 0,
              "value": [
                -1.3,
                44.5
              ]
            },
            {
              "frame": 0.16666666666666666,
              "value": [
                -4.4,
                41.9
              ]
            },
            {
              "frame": 0.5,
              "value": [
                -4.4,
                41.9
              ]
            },
            {
              "frame": 0.6666666666666666,
              "value": [
                -1.3,
                44.5
              ]
            },
            {
              "frame": 0.8333333333333334,
              "value": [
                3.7,
                39.5
              ]
            },
            {
              "frame": 1,
              "value": [
                3.7,
                38.5
              ]
            },
            {
              "frame": 1.1666666666666667,
              "value": [
                3.7,
                39.5
              ]
            },
            {
              "frame": 1.3333333333333333,
              "value": [
                1.1,
                39.4
              ]
            }
          ],
          "width": [
            {
              "frame": 0,
              "value": 42
            },
            {
              "frame": 0.6666666666666666,
              "value": 42
            }
          ],
          "height": [
            {
              "frame": 0,
              "value": 39
            },
            {
              "frame": 0.6666666666666666,
              "value": 39
            }
          ],
          "rotation": [
            {
              "frame": 0,
              "value": 0
            },
            {
              "frame": 0.16666666666666666,
              "value": -10
            },
            {
              "frame": 0.3333333333333333,
              "value": -12
            },
            {
              "frame": 0.5,
              "value": -10
            },
            {
              "frame": 0.6666666666666666,
              "value": 0
            },
            {
              "frame": 0.8333333333333334,
              "value": 23
            },
            {
              "frame": 1,
              "value": 9
            },
            {
              "frame": 1.1666666666666667,
              "value": 9
            },
            {
              "frame": 1.3333333333333333,
              "value": -2
            }
          ]
        }
      },
      "xiaol_5": {
        "props": {
          "position": [
            {
              "frame": 0,
              "value": [
                -18.4,
                37.1
              ]
            },
            {
              "frame": 0.16666666666666666,
              "value": [
                -20.4,
                34
              ]
            },
            {
              "frame": 0.3333333333333333,
              "value": [
                -19.9,
                33.1
              ]
            },
            {
              "frame": 0.5,
              "value": [
                -20.9,
                34.2
              ]
            },
            {
              "frame": 0.6666666666666666,
              "value": [
                -16.6,
                36.7
              ]
            },
            {
              "frame": 0.8333333333333334,
              "value": [
                -11.9,
                39.8
              ]
            },
            {
              "frame": 1,
              "value": [
                -12.1,
                39.2
              ]
            },
            {
              "frame": 1.1666666666666667,
              "value": [
                -11.9,
                39.8
              ]
            },
            {
              "frame": 1.3333333333333333,
              "value": [
                -14.1,
                37.6
              ]
            }
          ],
          "rotation": [
            {
              "frame": 0,
              "value": 13
            },
            {
              "frame": 0.16666666666666666,
              "value": 7
            },
            {
              "frame": 0.3333333333333333,
              "value": 9
            },
            {
              "frame": 0.5,
              "value": 0
            },
            {
              "frame": 0.6666666666666666,
              "value": 13
            },
            {
              "frame": 0.8333333333333334,
              "value": 21
            },
            {
              "frame": 1,
              "value": 14
            },
            {
              "frame": 1.1666666666666667,
              "value": 21
            },
            {
              "frame": 1.3333333333333333,
              "value": 10
            }
          ]
        }
      },
      "xiaol_5_1": {
        "props": {
          "position": [
            {
              "frame": 0,
              "value": [
                14.3,
                36.1
              ]
            },
            {
              "frame": 0.16666666666666666,
              "value": [
                10.1,
                38.2
              ]
            },
            {
              "frame": 0.3333333333333333,
              "value": [
                11.4,
                38.2
              ]
            },
            {
              "frame": 0.5,
              "value": [
                11.2,
                38.7
              ]
            },
            {
              "frame": 0.6666666666666666,
              "value": [
                13.4,
                38
              ]
            },
            {
              "frame": 0.8333333333333334,
              "value": [
                20.8,
                34.7
              ]
            },
            {
              "frame": 1,
              "value": [
                20.4,
                35.3
              ]
            },
            {
              "frame": 1.1666666666666667,
              "value": [
                20.8,
                34.7
              ]
            },
            {
              "frame": 1.3333333333333333,
              "value": [
                19.9,
                36
              ]
            }
          ],
          "rotation": [
            {
              "frame": 0,
              "value": -9
            },
            {
              "frame": 0.16666666666666666,
              "value": -24
            },
            {
              "frame": 0.3333333333333333,
              "value": -26
            },
            {
              "frame": 0.5,
              "value": -20
            },
            {
              "frame": 0.6666666666666666,
              "value": -9
            },
            {
              "frame": 0.8333333333333334,
              "value": 12
            },
            {
              "frame": 1,
              "value": 8
            },
            {
              "frame": 1.1666666666666667,
              "value": 12
            },
            {
              "frame": 1.3333333333333333,
              "value": 7
            }
          ]
        }
      },
      "xiaol_6": {
        "props": {
          "position": [
            {
              "frame": 0,
              "value": [
                -24.2,
                26.1
              ]
            },
            {
              "frame": 0.16666666666666666,
              "value": [
                -23.9,
                22.9
              ]
            },
            {
              "frame": 0.3333333333333333,
              "value": [
                -24.6,
                22.9
              ]
            },
            {
              "frame": 0.5,
              "value": [
                -24.8,
                22
              ]
            },
            {
              "frame": 0.6666666666666666,
              "value": [
                -23.9,
                25.4
              ]
            },
            {
              "frame": 0.8333333333333334,
              "value": [
                -19.4,
                29.1
              ]
            },
            {
              "frame": 1,
              "value": [
                -18.9,
                28.3
              ]
            },
            {
              "frame": 1.1666666666666667,
              "value": [
                -19.4,
                29.1
              ]
            },
            {
              "frame": 1.3333333333333333,
              "value": [
                -19.4,
                26.1
              ]
            }
          ],
          "rotation": [
            {
              "frame": 0,
              "value": 43
            },
            {
              "frame": 0.16666666666666666,
              "value": 34
            },
            {
              "frame": 0.3333333333333333,
              "value": 36
            },
            {
              "frame": 0.5,
              "value": 34
            },
            {
              "frame": 0.6666666666666666,
              "value": 43
            },
            {
              "frame": 0.8333333333333334,
              "value": 44
            },
            {
              "frame": 1,
              "value": 45
            },
            {
              "frame": 1.1666666666666667,
              "value": 44
            },
            {
              "frame": 1.3333333333333333,
              "value": 37
            }
          ]
        }
      },
      "xiaol_6_1": {
        "props": {
          "position": [
            {
              "frame": 0,
              "value": [
                19.5,
                25.2
              ]
            },
            {
              "frame": 0.16666666666666666,
              "value": [
                17.8,
                31.2
              ]
            },
            {
              "frame": 0.3333333333333333,
              "value": [
                19,
                32.7
              ]
            },
            {
              "frame": 0.5,
              "value": [
                17.8,
                31.7
              ]
            },
            {
              "frame": 0.6666666666666666,
              "value": [
                19.4,
                25.4
              ]
            },
            {
              "frame": 0.8333333333333334,
              "value": [
                22.3,
                21.4
              ]
            },
            {
              "frame": 1,
              "value": [
                22.7,
                22.2
              ]
            },
            {
              "frame": 1.1666666666666667,
              "value": [
                22.3,
                21.4
              ]
            },
            {
              "frame": 1.3333333333333333,
              "value": [
                21.4,
                23.6
              ]
            }
          ],
          "rotation": [
            {
              "frame": 0,
              "value": -42
            },
            {
              "frame": 0.16666666666666666,
              "value": -60
            },
            {
              "frame": 0.3333333333333333,
              "value": -62
            },
            {
              "frame": 0.5,
              "value": -60
            },
            {
              "frame": 0.6666666666666666,
              "value": -42
            },
            {
              "frame": 0.8333333333333334,
              "value": -24
            },
            {
              "frame": 1,
              "value": -33
            },
            {
              "frame": 1.1666666666666667,
              "value": -24
            },
            {
              "frame": 1.3333333333333333,
              "value": -32
            }
          ]
        }
      },
      "xiaol_7": {
        "props": {
          "position": [
            {
              "frame": 0,
              "value": [
                10.8,
                8.6
              ]
            },
            {
              "frame": 0.16666666666666666,
              "value": [
                13,
                10.3
              ]
            },
            {
              "frame": 0.3333333333333333,
              "value": [
                15.6,
                11.6
              ]
            },
            {
              "frame": 0.5,
              "value": [
                12,
                11.6
              ]
            },
            {
              "frame": 0.6666666666666666,
              "value": [
                10.8,
                8.6
              ]
            }
          ],
          "rotation": [
            {
              "frame": 0,
              "value": 0
            },
            {
              "frame": 0.16666666666666666,
              "value": -12
            },
            {
              "frame": 0.3333333333333333,
              "value": -21
            },
            {
              "frame": 0.5,
              "value": -8
            },
            {
              "frame": 0.6666666666666666,
              "value": 0
            }
          ]
        }
      },
      "xiaol_7_1": {
        "props": {
          "position": [
            {
              "frame": 0,
              "value": [
                -10.4,
                8.6
              ]
            },
            {
              "frame": 0.6666666666666666,
              "value": [
                -10.4,
                8.6
              ]
            },
            {
              "frame": 0.8333333333333334,
              "value": [
                -14.6,
                11.6
              ]
            },
            {
              "frame": 1.1666666666666667,
              "value": [
                -14.6,
                11.6
              ]
            },
            {
              "frame": 1.3333333333333333,
              "value": [
                -11.1,
                11.1
              ]
            }
          ],
          "rotation": [
            {
              "frame": 0,
              "value": 0
            },
            {
              "frame": 0.6666666666666666,
              "value": 0
            },
            {
              "frame": 0.8333333333333334,
              "value": 14
            },
            {
              "frame": 1,
              "value": 18
            },
            {
              "frame": 1.1666666666666667,
              "value": 14
            },
            {
              "frame": 1.3333333333333333,
              "value": 8
            }
          ]
        }
      },
      "xiaol_3": {
        "props": {
          "position": [
            {
              "frame": 0,
              "value": [
                -0.9,
                41.4
              ]
            },
            {
              "frame": 0.16666666666666666,
              "value": [
                -3.8,
                40.8
              ]
            },
            {
              "frame": 0.5,
              "value": [
                -3.8,
                40.8
              ]
            },
            {
              "frame": 0.6666666666666666,
              "value": [
                -0.9,
                41.4
              ]
            },
            {
              "frame": 0.8333333333333334,
              "value": [
                4,
                41
              ]
            },
            {
              "frame": 1,
              "value": [
                4.1,
                41
              ]
            },
            {
              "frame": 1.1666666666666667,
              "value": [
                4,
                41
              ]
            },
            {
              "frame": 1.3333333333333333,
              "value": [
                0.9,
                41.1
              ]
            }
          ],
          "width": [
            {
              "frame": 0,
              "value": 53
            },
            {
              "frame": 0.6666666666666666,
              "value": 53
            }
          ],
          "height": [
            {
              "frame": 0,
              "value": 56
            },
            {
              "frame": 0.6666666666666666,
              "value": 56
            }
          ],
          "rotation": [
            {
              "frame": 0,
              "value": 0
            },
            {
              "frame": 0.16666666666666666,
              "value": -5
            },
            {
              "frame": 0.3333333333333333,
              "value": -7
            },
            {
              "frame": 0.5,
              "value": -2
            },
            {
              "frame": 0.6666666666666666,
              "value": 0
            },
            {
              "frame": 0.8333333333333334,
              "value": 5
            },
            {
              "frame": 1,
              "value": 7
            },
            {
              "frame": 1.1666666666666667,
              "value": 5
            },
            {
              "frame": 1.3333333333333333,
              "value": 2
            }
          ]
        }
      },
      "xiaol_1": {
        "props": {
          "position": [
            {
              "frame": 0,
              "value": [
                0,
                89.9
              ]
            },
            {
              "frame": 0.16666666666666666,
              "value": [
                -9.8,
                89.3
              ]
            },
            {
              "frame": 0.3333333333333333,
              "value": [
                -10.3,
                89.2
              ]
            },
            {
              "frame": 0.5,
              "value": [
                -9.2,
                89.3
              ]
            },
            {
              "frame": 0.6666666666666666,
              "value": [
                0,
                89.9
              ]
            },
            {
              "frame": 0.8333333333333334,
              "value": [
                8.5,
                88.7
              ]
            },
            {
              "frame": 1,
              "value": [
                12.7,
                88.2
              ]
            },
            {
              "frame": 1.1666666666666667,
              "value": [
                8.5,
                88.7
              ]
            },
            {
              "frame": 1.3333333333333333,
              "value": [
                1.7,
                88.9
              ]
            }
          ],
          "rotation": [
            {
              "frame": 0,
              "value": 0
            },
            {
              "frame": 0.16666666666666666,
              "value": -5
            },
            {
              "frame": 0.3333333333333333,
              "value": -7
            },
            {
              "frame": 0.5,
              "value": -2
            },
            {
              "frame": 0.6666666666666666,
              "value": 0
            },
            {
              "frame": 0.8333333333333334,
              "value": 5
            },
            {
              "frame": 1,
              "value": 7
            },
            {
              "frame": 1.1666666666666667,
              "value": 5
            },
            {
              "frame": 1.3333333333333333,
              "value": 2
            }
          ]
        }
      },
      "xiaol_2": {
        "props": {
          "position": [
            {
              "frame": 0,
              "value": [
                0,
                137.4
              ]
            },
            {
              "frame": 0.16666666666666666,
              "value": [
                -12.3,
                137.4
              ]
            },
            {
              "frame": 0.3333333333333333,
              "value": [
                -14.8,
                137.1
              ]
            },
            {
              "frame": 0.5,
              "value": [
                -11.2,
                137.4
              ]
            },
            {
              "frame": 0.6666666666666666,
              "value": [
                0,
                137.4
              ]
            },
            {
              "frame": 0.8333333333333334,
              "value": [
                14.6,
                136.8
              ]
            },
            {
              "frame": 1,
              "value": [
                21.9,
                136.2
              ]
            },
            {
              "frame": 1.1666666666666667,
              "value": [
                14.6,
                136.8
              ]
            },
            {
              "frame": 1.3333333333333333,
              "value": [
                3.7,
                137.2
              ]
            }
          ],
          "rotation": [
            {
              "frame": 0,
              "value": 0
            },
            {
              "frame": 0.16666666666666666,
              "value": -5
            },
            {
              "frame": 0.3333333333333333,
              "value": -7
            },
            {
              "frame": 0.5,
              "value": -2
            },
            {
              "frame": 0.6666666666666666,
              "value": 0
            },
            {
              "frame": 0.8333333333333334,
              "value": 5
            },
            {
              "frame": 1,
              "value": 7
            },
            {
              "frame": 1.1666666666666667,
              "value": 5
            },
            {
              "frame": 1.3333333333333333,
              "value": 2
            }
          ]
        }
      }
    },
    "props": {
      "position": [],
      "width": [],
      "height": []
    }
  },
  "events": []
}