{
  "__type__": "cc.SpriteAtlas",
  "_name": "feidie.plist",
  "_objFlags": 0,
  "_native": "",
  "_spriteFrames": {
    "L1": {
      "__uuid__": "9e2000ee-21e2-4c1c-b9b4-9d2bf53930cd"
    },
    "L2": {
      "__uuid__": "db5f76cb-7fea-46f4-821e-582a4d7e71fd"
    },
    "L3": {
      "__uuid__": "38982021-4a69-4dce-9b21-5e09607a2bd9"
    },
    "guang_1": {
      "__uuid__": "47e9943f-c675-4a09-9644-184543244c23"
    },
    "ufo_1": {
      "__uuid__": "fad73e63-9794-455a-a500-2bfea497af78"
    },
    "ufo_2": {
      "__uuid__": "355fcb94-7361-481b-9ebd-a205b893ebda"
    },
    "ufo_3": {
      "__uuid__": "7db0cfaf-68d2-4f50-8884-715a2c24da2a"
    }
  }
}