{
  "__type__": "cc.AnimationClip",
  "_name": "chongwu_2",
  "_objFlags": 0,
  "_native": "",
  "_duration": 1.1666666666666667,
  "sample": 60,
  "speed": 1,
  "wrapMode": "2",
  "curveData": {
    "paths": {
      "dgj_8": {
        "props": {
          "position": [
            {
              "frame": 0,
              "value": [
                -23.1,
                10
              ]
            },
            {
              "frame": 0.16666666666666666,
              "value": [
                -23.1,
                10
              ]
            },
            {
              "frame": 0.3333333333333333,
              "value": [
                -23.1,
                28.2
              ]
            },
            {
              "frame": 0.4166666666666667,
              "value": [
                -23.1,
                31.3
              ]
            },
            {
              "frame": 0.5,
              "value": [
                -23.1,
                28.2
              ]
            },
            {
              "frame": 0.5833333333333334,
              "value": [
                -23.1,
                31.3
              ]
            },
            {
              "frame": 0.8333333333333334,
              "value": [
                -23.1,
                10
              ]
            }
          ],
          "rotation": [
            {
              "frame": 0,
              "value": 0
            }
          ]
        }
      },
      "dgj_8_1": {
        "props": {
          "position": [
            {
              "frame": 0,
              "value": [
                30.9,
                10
              ]
            },
            {
              "frame": 0.16666666666666666,
              "value": [
                30.9,
                10
              ]
            },
            {
              "frame": 0.3333333333333333,
              "value": [
                30.9,
                28.2
              ]
            },
            {
              "frame": 0.4166666666666667,
              "value": [
                30.9,
                31.8
              ]
            },
            {
              "frame": 0.5,
              "value": [
                30.9,
                28.2
              ]
            },
            {
              "frame": 0.5833333333333334,
              "value": [
                30.9,
                31.8
              ]
            },
            {
              "frame": 0.8333333333333334,
              "value": [
                30.9,
                10
              ]
            }
          ],
          "rotation": [
            {
              "frame": 0,
              "value": 0
            }
          ]
        }
      },
      "dgj_1": {
        "props": {
          "position": [
            {
              "frame": 0,
              "value": [
                3.9,
                57
              ]
            },
            {
              "frame": 0.16666666666666666,
              "value": [
                3.9,
                47
              ]
            },
            {
              "frame": 0.3333333333333333,
              "value": [
                3.9,
                81
              ]
            },
            {
              "frame": 0.4166666666666667,
              "value": [
                3.9,
                84.1
              ]
            },
            {
              "frame": 0.5,
              "value": [
                3.9,
                81
              ]
            },
            {
              "frame": 0.5833333333333334,
              "value": [
                3.9,
                84.1
              ]
            },
            {
              "frame": 0.8333333333333334,
              "value": [
                3.9,
                47
              ]
            },
            {
              "frame": 1,
              "value": [
                3.9,
                50.9
              ]
            },
            {
              "frame": 1.1666666666666667,
              "value": [
                3.9,
                49.4
              ]
            }
          ],
          "width": [
            {
              "frame": 0,
              "value": 120
            }
          ],
          "height": [
            {
              "frame": 0,
              "value": 101
            },
            {
              "frame": 0.16666666666666666,
              "value": 88.8
            },
            {
              "frame": 0.3333333333333333,
              "value": 113.9
            },
            {
              "frame": 0.5,
              "value": 113.9
            },
            {
              "frame": 0.5833333333333334,
              "value": 113.9
            },
            {
              "frame": 0.8333333333333334,
              "value": 88.8
            },
            {
              "frame": 1,
              "value": 96.7
            },
            {
              "frame": 1.1666666666666667,
              "value": 93.7
            }
          ]
        }
      },
      "dgj_3": {
        "props": {
          "position": [
            {
              "frame": 0,
              "value": [
                -11.1,
                117.6
              ]
            },
            {
              "frame": 0.16666666666666666,
              "value": [
                -11.1,
                100.8
              ]
            },
            {
              "frame": 0.3333333333333333,
              "value": [
                -11.1,
                147.4
              ]
            },
            {
              "frame": 0.4166666666666667,
              "value": [
                -11.1,
                149.8
              ]
            },
            {
              "frame": 0.5,
              "value": [
                -11.1,
                146.7
              ]
            },
            {
              "frame": 0.5833333333333334,
              "value": [
                -11.1,
                149.8
              ]
            },
            {
              "frame": 0.8333333333333334,
              "value": [
                -11.1,
                101.9
              ]
            },
            {
              "frame": 1,
              "value": [
                -11.1,
                108.5
              ]
            },
            {
              "frame": 1.1666666666666667,
              "value": [
                -11.1,
                106.6
              ]
            }
          ],
          "rotation": [
            {
              "frame": 0,
              "value": 0
            }
          ]
        }
      },
      "dgj_3_1": {
        "props": {
          "position": [
            {
              "frame": 0,
              "value": [
                19.9,
                118.2
              ]
            },
            {
              "frame": 0.16666666666666666,
              "value": [
                19.9,
                101.6
              ]
            },
            {
              "frame": 0.3333333333333333,
              "value": [
                19.9,
                147.3
              ]
            },
            {
              "frame": 0.4166666666666667,
              "value": [
                19.9,
                150.6
              ]
            },
            {
              "frame": 0.5,
              "value": [
                19.9,
                146.9
              ]
            },
            {
              "frame": 0.5833333333333334,
              "value": [
                19.9,
                149.5
              ]
            },
            {
              "frame": 0.8333333333333334,
              "value": [
                19.9,
                102
              ]
            },
            {
              "frame": 1,
              "value": [
                19.9,
                108.8
              ]
            },
            {
              "frame": 1.1666666666666667,
              "value": [
                19.9,
                106.3
              ]
            }
          ],
          "rotation": [
            {
              "frame": 0,
              "value": 0
            }
          ]
        }
      },
      "dgj_2": {
        "props": {
          "position": [
            {
              "frame": 0,
              "value": [
                -31.1,
                106.9
              ]
            },
            {
              "frame": 0.16666666666666666,
              "value": [
                -31.1,
                91.7
              ]
            },
            {
              "frame": 0.3333333333333333,
              "value": [
                -31.1,
                134.2
              ]
            },
            {
              "frame": 0.4166666666666667,
              "value": [
                -31.1,
                139.5
              ]
            },
            {
              "frame": 0.5,
              "value": [
                -31.1,
                134.1
              ]
            },
            {
              "frame": 0.5833333333333334,
              "value": [
                -31.1,
                137.8
              ]
            },
            {
              "frame": 0.8333333333333334,
              "value": [
                -31.1,
                92.1
              ]
            },
            {
              "frame": 1,
              "value": [
                -31.1,
                99.4
              ]
            },
            {
              "frame": 1.1666666666666667,
              "value": [
                -31.1,
                95.4
              ]
            }
          ],
          "rotation": [
            {
              "frame": 0,
              "value": 0
            },
            {
              "frame": 0.16666666666666666,
              "value": 0
            },
            {
              "frame": 0.3333333333333333,
              "value": 0
            },
            {
              "frame": 0.4166666666666667,
              "value": 0
            },
            {
              "frame": 0.5,
              "value": 0
            },
            {
              "frame": 0.5833333333333334,
              "value": 0
            },
            {
              "frame": 0.8333333333333334,
              "value": 0
            }
          ]
        }
      },
      "dgj_2_1": {
        "props": {
          "position": [
            {
              "frame": 0,
              "value": [
                38.9,
                106.4
              ]
            },
            {
              "frame": 0.16666666666666666,
              "value": [
                38.9,
                89.3
              ]
            },
            {
              "frame": 0.3333333333333333,
              "value": [
                38.9,
                133.7
              ]
            },
            {
              "frame": 0.4166666666666667,
              "value": [
                38.9,
                138.8
              ]
            },
            {
              "frame": 0.5,
              "value": [
                38.9,
                135.1
              ]
            },
            {
              "frame": 0.5833333333333334,
              "value": [
                38.9,
                139.1
              ]
            },
            {
              "frame": 0.8333333333333334,
              "value": [
                38.9,
                92.5
              ]
            },
            {
              "frame": 1,
              "value": [
                38.9,
                99.7
              ]
            },
            {
              "frame": 1.1666666666666667,
              "value": [
                38.9,
                95.6
              ]
            }
          ],
          "rotation": [
            {
              "frame": 0,
              "value": 0
            },
            {
              "frame": 0.3333333333333333,
              "value": 0
            },
            {
              "frame": 0.4166666666666667,
              "value": 0
            },
            {
              "frame": 0.5,
              "value": 0
            },
            {
              "frame": 0.5833333333333334,
              "value": 0
            },
            {
              "frame": 0.8333333333333334,
              "value": 0
            }
          ]
        }
      },
      "dgj_4": {
        "props": {
          "position": [
            {
              "frame": 0,
              "value": [
                -18.1,
                75
              ]
            },
            {
              "frame": 0.16666666666666666,
              "value": [
                -18.1,
                62.4
              ]
            },
            {
              "frame": 0.3333333333333333,
              "value": [
                -18.1,
                100.6
              ]
            },
            {
              "frame": 0.4166666666666667,
              "value": [
                -18.1,
                104.7
              ]
            },
            {
              "frame": 0.5,
              "value": [
                -18.1,
                100.6
              ]
            },
            {
              "frame": 0.5833333333333334,
              "value": [
                -18.1,
                104.7
              ]
            },
            {
              "frame": 0.8333333333333334,
              "value": [
                -18.1,
                62.4
              ]
            },
            {
              "frame": 1,
              "value": [
                -18.1,
                68.1
              ]
            },
            {
              "frame": 1.1666666666666667,
              "value": [
                -18.1,
                65.9
              ]
            }
          ]
        }
      },
      "dgj_4_1": {
        "props": {
          "position": [
            {
              "frame": 0,
              "value": [
                26.9,
                75
              ]
            },
            {
              "frame": 0.16666666666666666,
              "value": [
                26.9,
                62.8
              ]
            },
            {
              "frame": 0.3333333333333333,
              "value": [
                26.9,
                101
              ]
            },
            {
              "frame": 0.4166666666666667,
              "value": [
                26.9,
                105.1
              ]
            },
            {
              "frame": 0.5,
              "value": [
                26.9,
                101
              ]
            },
            {
              "frame": 0.5833333333333334,
              "value": [
                26.9,
                105.1
              ]
            },
            {
              "frame": 0.8333333333333334,
              "value": [
                26.9,
                62.8
              ]
            },
            {
              "frame": 1,
              "value": [
                26.9,
                67.9
              ]
            },
            {
              "frame": 1.1666666666666667,
              "value": [
                26.9,
                65.7
              ]
            }
          ]
        }
      },
      "dgj_7": {
        "props": {
          "position": [
            {
              "frame": 0,
              "value": [
                4.9,
                40
              ]
            },
            {
              "frame": 0.16666666666666666,
              "value": [
                4.9,
                27.5
              ]
            },
            {
              "frame": 0.3333333333333333,
              "value": [
                4.9,
                59.6
              ]
            },
            {
              "frame": 0.4166666666666667,
              "value": [
                4.9,
                62.8
              ]
            },
            {
              "frame": 0.5,
              "value": [
                4.9,
                59.9
              ]
            },
            {
              "frame": 0.5833333333333334,
              "value": [
                4.9,
                62.9
              ]
            },
            {
              "frame": 0.8333333333333334,
              "value": [
                3.2,
                28.9
              ]
            },
            {
              "frame": 1,
              "value": [
                4.9,
                29.5
              ]
            },
            {
              "frame": 1.1666666666666667,
              "value": [
                6.2,
                27.2
              ]
            }
          ],
          "rotation": [
            {
              "frame": 0,
              "value": 0
            },
            {
              "frame": 0.16666666666666666,
              "value": 6
            },
            {
              "frame": 0.5,
              "value": 0
            },
            {
              "frame": 0.5833333333333334,
              "value": 0
            },
            {
              "frame": 0.8333333333333334,
              "value": 13
            },
            {
              "frame": 1,
              "value": 0
            },
            {
              "frame": 1.1666666666666667,
              "value": -4
            }
          ]
        }
      },
      "dgj_6": {
        "props": {
          "position": [
            {
              "frame": 0,
              "value": [
                4.9,
                57
              ]
            },
            {
              "frame": 0.16666666666666666,
              "value": [
                4.9,
                45.7
              ]
            },
            {
              "frame": 0.3333333333333333,
              "value": [
                4.9,
                78.5
              ]
            },
            {
              "frame": 0.4166666666666667,
              "value": [
                4.9,
                81.6
              ]
            },
            {
              "frame": 0.5,
              "value": [
                4.9,
                78.5
              ]
            },
            {
              "frame": 0.5833333333333334,
              "value": [
                4.9,
                81.6
              ]
            },
            {
              "frame": 0.8333333333333334,
              "value": [
                4.9,
                45.7
              ]
            },
            {
              "frame": 1,
              "value": [
                4.9,
                48.8
              ]
            },
            {
              "frame": 1.1666666666666667,
              "value": [
                4.9,
                46.2
              ]
            }
          ]
        }
      },
      "dgj_5": {
        "props": {
          "position": [
            {
              "frame": 0,
              "value": [
                58.2,
                61.3
              ]
            },
            {
              "frame": 0.16666666666666666,
              "value": [
                63.9,
                54.4
              ]
            },
            {
              "frame": 0.3333333333333333,
              "value": [
                55.4,
                86.9
              ]
            },
            {
              "frame": 0.4166666666666667,
              "value": [
                61.3,
                96.7
              ]
            },
            {
              "frame": 0.5,
              "value": [
                56.7,
                87.7
              ]
            },
            {
              "frame": 0.5833333333333334,
              "value": [
                63.9,
                95.4
              ]
            },
            {
              "frame": 0.8333333333333334,
              "value": [
                63.9,
                54.3
              ]
            },
            {
              "frame": 1,
              "value": [
                63.9,
                54.7
              ]
            },
            {
              "frame": 1.1666666666666667,
              "value": [
                60.3,
                53.7
              ]
            }
          ],
          "rotation": [
            {
              "frame": 0,
              "value": 37
            },
            {
              "frame": 0.16666666666666666,
              "value": 17
            },
            {
              "frame": 0.3333333333333333,
              "value": 51
            },
            {
              "frame": 0.4166666666666667,
              "value": 16
            },
            {
              "frame": 0.5,
              "value": 51
            },
            {
              "frame": 0.5833333333333334,
              "value": 16
            },
            {
              "frame": 0.8333333333333334,
              "value": 17
            },
            {
              "frame": 1,
              "value": 24
            },
            {
              "frame": 1.1666666666666667,
              "value": 29
            }
          ]
        }
      },
      "dgj_5_1": {
        "props": {
          "position": [
            {
              "frame": 0,
              "value": [
                -50.4,
                60.5
              ]
            },
            {
              "frame": 0.16666666666666666,
              "value": [
                -56.1,
                51.3
              ]
            },
            {
              "frame": 0.3333333333333333,
              "value": [
                -47.6,
                86.6
              ]
            },
            {
              "frame": 0.4166666666666667,
              "value": [
                -53,
                94.1
              ]
            },
            {
              "frame": 0.5,
              "value": [
                -47.9,
                86.7
              ]
            },
            {
              "frame": 0.5833333333333334,
              "value": [
                -56.1,
                91.8
              ]
            },
            {
              "frame": 0.8333333333333334,
              "value": [
                -56.1,
                52.5
              ]
            },
            {
              "frame": 1,
              "value": [
                -56.1,
                53.4
              ]
            },
            {
              "frame": 1.1666666666666667,
              "value": [
                -51.9,
                50.8
              ]
            }
          ],
          "rotation": [
            {
              "frame": 0,
              "value": -36
            },
            {
              "frame": 0.16666666666666666,
              "value": -7
            },
            {
              "frame": 0.3333333333333333,
              "value": -53
            },
            {
              "frame": 0.4166666666666667,
              "value": -12
            },
            {
              "frame": 0.5,
              "value": -53
            },
            {
              "frame": 0.5833333333333334,
              "value": -12
            },
            {
              "frame": 0.8333333333333334,
              "value": -7
            },
            {
              "frame": 1,
              "value": -27
            },
            {
              "frame": 1.1666666666666667,
              "value": -37
            }
          ]
        }
      }
    },
    "props": {
      "position": [
        {
          "frame": 0,
          "value": [
            0,
            0
          ]
        }
      ]
    }
  },
  "events": []
}