{
  "__type__": "cc.SpriteAtlas",
  "_name": "gameUI.plist",
  "_objFlags": 0,
  "_native": "",
  "_spriteFrames": {
    "arrowEast": {
      "__uuid__": "2353e62d-430a-48a7-b0c1-c3a79bbd76aa"
    },
    "arrowEast1": {
      "__uuid__": "acad340a-0731-4e05-b7dd-f1d59a5b00af"
    },
    "arrowNorth": {
      "__uuid__": "f6ca7ef0-cf03-4436-ab31-85506896e36c"
    },
    "arrowNorth1": {
      "__uuid__": "2b017cbe-45c3-41de-a967-1c1843bb495d"
    },
    "arrowSouth": {
      "__uuid__": "1f0217cd-266f-44c1-8d6b-e354a64e03b5"
    },
    "arrowSouth1": {
      "__uuid__": "a5748ce7-0cf1-4830-ae6d-e1d6fb0a7a65"
    },
    "beicheng": {
      "__uuid__": "89c0e3ab-7d98-4533-a99d-d5e3107e06e4"
    },
    "bt_rankList": {
      "__uuid__": "b0119ea7-dc4e-4cbb-a2cc-7a1b03b7a16c"
    },
    "bt_reform": {
      "__uuid__": "db5320df-5892-42a3-bf04-65750e24a4d4"
    },
    "bt_rents": {
      "__uuid__": "fac84afc-59f6-466c-b2fc-4b43a46c52c4"
    },
    "bt_rents1": {
      "__uuid__": "03ef495c-73fa-4196-9523-04a795009576"
    },
    "bt_reward": {
      "__uuid__": "b92828b5-a6a4-485a-9535-347c8b528e94"
    },
    "bt_share": {
      "__uuid__": "543f6f3f-6368-432e-ae08-76c2901f7e96"
    },
    "bt_shop": {
      "__uuid__": "77327184-7813-4747-afa0-3f4fd9edb9da"
    },
    "bt_speed": {
      "__uuid__": "f996266c-1ac3-477e-b12a-a5e71c6699e7"
    },
    "bt_upGrade": {
      "__uuid__": "4b80c023-4976-4bb0-b032-7d70730d12a7"
    },
    "build_bgCoin": {
      "__uuid__": "afea0df5-6e5e-4f9c-b0d7-bfc352699bd6"
    },
    "build_daogaoIcon": {
      "__uuid__": "0de7af49-f992-4b4a-8ea8-d6c1b08ca15c"
    },
    "build_jiudianIcon": {
      "__uuid__": "2ae7bb7a-2310-43d0-a2fe-91abc5c930a2"
    },
    "build_naichaIcon": {
      "__uuid__": "33e1b539-df46-4ee0-88c2-329545347ee8"
    },
    "build_noIcon": {
      "__uuid__": "67ae453f-4eaa-4bf4-8e4c-f1c7b1a0bade"
    },
    "car_icon": {
      "__uuid__": "b04628d4-5d47-411b-b303-70eab83c136b"
    },
    "coin": {
      "__uuid__": "995f32a7-c786-4e92-963f-5f2864edb427"
    },
    "dongcheng": {
      "__uuid__": "b7fdc2aa-e33f-4b67-835a-1d75e3ea1dc4"
    },
    "gameUI_shopBt": {
      "__uuid__": "1cf3f983-0285-4cd4-ad59-bcd4a49e86eb"
    },
    "gameUI_zhu": {
      "__uuid__": "0ff7d80b-1d0c-43b4-9620-dbd223dacd3d"
    },
    "hotel_icon": {
      "__uuid__": "196c0509-7ef8-4d74-92c5-1e1e80af75be"
    },
    "market_icon": {
      "__uuid__": "4bdc99e9-09c2-4619-8b0a-2ddda7c02d4a"
    },
    "movie_icon": {
      "__uuid__": "3f7f596e-8294-4989-a3c8-a4f06b88d064"
    },
    "nancheng": {
      "__uuid__": "18f1d3a6-fdc5-403a-a87a-e8d782a13a10"
    },
    "sp_alert": {
      "__uuid__": "c37ce1b8-ff05-4ee7-a057-0e9f141def18"
    },
    "sp_build3": {
      "__uuid__": "6e60234c-95f6-49f5-bd2a-a53a7e671e15"
    },
    "sp_build4": {
      "__uuid__": "684d47b8-4508-4e55-b034-c6b8b7ec3fa2"
    },
    "sp_build5": {
      "__uuid__": "485be8e6-d801-44df-888b-ffccdbe04ca9"
    },
    "sp_build6": {
      "__uuid__": "4aafa649-750e-47f0-876e-b4b11b3c0b8c"
    },
    "sp_buildall": {
      "__uuid__": "fdf588e5-d0fc-4efc-9885-c50ffed03171"
    },
    "sp_diam": {
      "__uuid__": "f7aa4af3-119e-4293-b9b3-8db10dc850bf"
    },
    "sp_dock": {
      "__uuid__": "801118f8-3b1d-410b-b4fb-a6abafee9f0e"
    },
    "sp_frame": {
      "__uuid__": "44ae2cc0-8698-43cb-9ad8-aedda375aa5a"
    },
    "sp_getGold0": {
      "__uuid__": "bf3260c6-00b0-4ff3-9d39-d1fee32e3ae3"
    },
    "sp_getGold1": {
      "__uuid__": "763909c8-4a06-4fd1-af63-d58cd0dea962"
    },
    "sp_gold": {
      "__uuid__": "7f4adf98-5d6b-476f-8303-80ef61bca0cf"
    },
    "sp_samerFrame0": {
      "__uuid__": "e3bc0c61-6926-498a-ad3a-6e2a6ebbe6d3"
    },
    "sp_samerFrame1": {
      "__uuid__": "c6fc0ba5-cd63-4011-be4c-cb388ed77573"
    },
    "sp_strip": {
      "__uuid__": "730209ce-1f2f-4c6d-af87-ffd868bac1a5"
    },
    "sp_upup": {
      "__uuid__": "17b1b528-d80f-4754-b1b5-c0191fb72da7"
    },
    "stock": {
      "__uuid__": "c6866b00-3743-46da-9c43-7942d6151226"
    },
    "undevelop": {
      "__uuid__": "f4e150d3-d3ee-4094-a8a9-0a3a8f975fc7"
    }
  }
}