{
  "__type__": "cc.SpriteAtlas",
  "_name": "gameLayer.plist",
  "_objFlags": 0,
  "_native": "",
  "_spriteFrames": {
    "bg_xsyd": {
      "__uuid__": "03a240d1-9037-4436-9cd7-b591edc6079c"
    },
    "bg_xsyd2": {
      "__uuid__": "34adbab4-8f7a-4847-9805-0cf9b23e3498"
    },
    "boss_jd_1": {
      "__uuid__": "1b06065c-1e3e-44c0-9908-4f14724c7b48"
    },
    "boss_jd_2": {
      "__uuid__": "2ddbb4c0-5918-4543-8087-eca0127b9d5a"
    },
    "boss_jd_3": {
      "__uuid__": "6c7ca92a-5dcb-4e59-9a60-4474d8eb78eb"
    },
    "dan_hui": {
      "__uuid__": "ff255676-0c66-4201-892e-6f4ac0fd6848"
    },
    "dl_bg_d1": {
      "__uuid__": "f42e00eb-5bed-4e0b-9174-0d9ae742fd51"
    },
    "dl_bg_d2": {
      "__uuid__": "ff4fa0af-b2dc-4921-ae1a-673fe1a11d66"
    },
    "dl_bg_d3": {
      "__uuid__": "5cda03d6-597d-48dd-9bb5-094e7415103b"
    },
    "dl_bg_d4": {
      "__uuid__": "525bd49b-7570-4f6c-afa9-455d0990b9a3"
    },
    "dl_bg_d5": {
      "__uuid__": "37d123fa-6f6e-459a-adff-bafe6e3b6394"
    },
    "dl_bg_d6": {
      "__uuid__": "e673a6fb-6976-4070-8a9a-0e5f45b6748f"
    },
    "dl_bg_d7": {
      "__uuid__": "4c83733c-50d3-4056-a536-297b1e0a54a9"
    },
    "hs_bg_1": {
      "__uuid__": "14de87b3-15cb-4130-9b59-5974bad5acb0"
    },
    "icon_gwhs": {
      "__uuid__": "4eea47db-e829-4232-b44b-41646147cc68"
    },
    "icon_hyzl_xn": {
      "__uuid__": "3a7bca06-05ac-44b1-a9b5-1b052954d1fa"
    },
    "icon_jsq": {
      "__uuid__": "a2074360-3774-40a2-822c-068a98132f8f"
    },
    "icon_kssh": {
      "__uuid__": "1316fcb0-9a4f-49c7-9b7b-4a11c735887f"
    },
    "icon_kssh2": {
      "__uuid__": "b71bb252-8db5-4d9d-9750-f49f4673fdcd"
    },
    "icon_kssh3": {
      "__uuid__": "a33d76cf-d5d9-4e72-ad79-eb40b07bda6f"
    },
    "icon_kssh4": {
      "__uuid__": "4e50df6c-11ba-4ad1-bf51-a1e009fbec31"
    },
    "icon_sd": {
      "__uuid__": "7392597f-55bb-4fe6-a40b-6616df373e2f"
    },
    "icon_ws": {
      "__uuid__": "1382473f-1ca8-4c21-b7ba-a4a606030d87"
    },
    "icon_ys": {
      "__uuid__": "6d5bed1e-2495-4e5d-a0d8-9cf4c33e7c17"
    },
    "icon_yyj": {
      "__uuid__": "1ef2d5cf-eac7-4c34-8529-d8d4169790d5"
    },
    "icon_yyj2": {
      "__uuid__": "87e01761-726b-42c2-939a-203d21910f98"
    },
    "icon_zdwy": {
      "__uuid__": "a008f9b5-5aab-4a7a-ad40-8ce11f811372"
    },
    "sd_bg_2": {
      "__uuid__": "c635d867-5e63-4c05-ad93-5653a177b47c"
    },
    "shuoming1": {
      "__uuid__": "6fc6bdf0-8060-4ce6-9585-70b54990d86e"
    },
    "sj_bg_guang": {
      "__uuid__": "57289308-c82b-432c-84e2-729c8465d24f"
    },
    "sj_bg_sd": {
      "__uuid__": "17ee2763-fe55-4bbb-b605-fc2c232257a3"
    },
    "sj_bg_sj": {
      "__uuid__": "9ad2f9fa-44e1-4fe7-a0c3-1aa204cf4c5d"
    },
    "sj_bg_sjms": {
      "__uuid__": "15d7ae70-fe2b-41f0-b051-639682450590"
    },
    "sj_ng_dizuo": {
      "__uuid__": "fe4a7298-5f8a-4916-ba9f-62045c9c1312"
    },
    "star": {
      "__uuid__": "f823535e-5002-442c-b947-a1e7c63bf6ed"
    },
    "tj_jdt_1": {
      "__uuid__": "fe35defe-1c32-4604-b711-d566445229c3"
    },
    "tj_jdt_2": {
      "__uuid__": "640bfe0e-81f8-494a-8369-8ec2595b8d3d"
    },
    "tj_js_xz": {
      "__uuid__": "93bfd4c8-9993-4b29-9231-31fb360f1436"
    },
    "tx_npc": {
      "__uuid__": "52a78860-853f-4961-8a5b-f7c8b96dd14a"
    },
    "tx_wu": {
      "__uuid__": "23747cae-62d1-40c0-b68f-d6191f92af6c"
    },
    "ty_bg_2": {
      "__uuid__": "a9b6a718-eafa-4cfb-8b8c-91615adf1fe7"
    },
    "ty_bg_ecqr": {
      "__uuid__": "4f0bb7fd-da9b-4a43-89db-a4a4458219d5"
    },
    "ty_dhk": {
      "__uuid__": "0bd0c3a9-e06c-49e4-9fb7-a88d8752d4aa"
    },
    "ty_jdt_1": {
      "__uuid__": "376a0043-5bc3-41fa-9293-4962eff905fe"
    },
    "ty_jdt_2": {
      "__uuid__": "4ef7e6a0-069c-4c53-899b-f9d1101b55d5"
    },
    "wy_bg_1": {
      "__uuid__": "dec339d5-3267-4acd-827d-be98c3b42ead"
    },
    "wy_bg_2": {
      "__uuid__": "2ff5a073-682d-4d3e-af23-9f5ea6a4d991"
    },
    "wy_bg_3": {
      "__uuid__": "eeba8cbb-4f4e-43ec-a49a-becab8922b70"
    },
    "wy_fh": {
      "__uuid__": "1b3f9a36-41dc-4f53-9e0c-6bdf1670d42c"
    },
    "yq_jd_1": {
      "__uuid__": "a000a4f7-170c-4478-9813-8cbf2e6b228b"
    },
    "yq_jd_2": {
      "__uuid__": "a877ad73-89b1-414a-989d-8c0cf5e512f1"
    },
    "yx_bg_js": {
      "__uuid__": "bcc553ae-c78e-4d18-8fe9-c829607d6cd7"
    },
    "yx_bg_jsk": {
      "__uuid__": "4e613e32-9079-43f1-b532-be0eb50d7b58"
    },
    "yx_jd_1": {
      "__uuid__": "3eb54bee-43f2-49a3-ade8-0c96ca16da17"
    },
    "yx_jd_2": {
      "__uuid__": "94403717-1de7-419c-a16b-85dc8aca03f1"
    },
    "yx_js_jscj": {
      "__uuid__": "42b121ce-29e8-498d-b864-3a9b80151ad1"
    },
    "yx_js_jsjy": {
      "__uuid__": "25a963e4-11d1-455d-a09c-54001484a178"
    },
    "yx_js_jszd": {
      "__uuid__": "1c712a33-c8f1-4565-87c6-a9609220a9b9"
    }
  }
}