{
  "__type__": "cc.AnimationClip",
  "_name": "guideBack",
  "_objFlags": 0,
  "_native": "",
  "_duration": 0.36666666666666664,
  "sample": 60,
  "speed": 2,
  "wrapMode": 1,
  "curveData": {
    "props": {
      "height": [
        {
          "frame": 0,
          "value": 185
        },
        {
          "frame": 0.016666666666666666,
          "value": 180
        },
        {
          "frame": 0.03333333333333333,
          "value": 170
        },
        {
          "frame": 0.05,
          "value": 160
        },
        {
          "frame": 0.06666666666666667,
          "value": 150
        },
        {
          "frame": 0.08333333333333333,
          "value": 140
        },
        {
          "frame": 0.1,
          "value": 130
        },
        {
          "frame": 0.11666666666666667,
          "value": 120
        },
        {
          "frame": 0.13333333333333333,
          "value": 110
        },
        {
          "frame": 0.15,
          "value": 100
        }
      ],
      "width": [
        {
          "frame": 0.21666666666666667,
          "value": 550
        },
        {
          "frame": 0.23333333333333334,
          "value": 500
        },
        {
          "frame": 0.25,
          "value": 450
        },
        {
          "frame": 0.26666666666666666,
          "value": 400
        },
        {
          "frame": 0.2833333333333333,
          "value": 350
        },
        {
          "frame": 0.3,
          "value": 300
        },
        {
          "frame": 0.31666666666666665,
          "value": 250
        },
        {
          "frame": 0.3333333333333333,
          "value": 200
        },
        {
          "frame": 0.35,
          "value": 150
        },
        {
          "frame": 0.36666666666666664,
          "value": 0
        }
      ]
    }
  },
  "events": []
}