{
  "__type__": "cc.AnimationClip",
  "_name": "giftComing",
  "_objFlags": 0,
  "_native": "",
  "_duration": 1.0833333333333333,
  "sample": 60,
  "speed": 0.5,
  "wrapMode": "1",
  "curveData": {
    "comps": {
      "cc.Sprite": {
        "spriteFrame": []
      }
    },
    "paths": {
      "gift_box": {
        "props": {
          "scale": [
            {
              "frame": 0,
              "value": {
                "__type__": "cc.Vec2",
                "x": 0,
                "y": 0
              }
            },
            {
              "frame": 0.16666666666666666,
              "value": {
                "__type__": "cc.Vec2",
                "x": 1,
                "y": 1
              }
            },
            {
              "frame": 0.3333333333333333,
              "value": {
                "__type__": "cc.Vec2",
                "x": 1.2,
                "y": 1.2
              }
            },
            {
              "frame": 0.5833333333333334,
              "value": {
                "__type__": "cc.Vec2",
                "x": 1,
                "y": 1
              }
            }
          ],
          "y": [
            {
              "frame": 0.16666666666666666,
              "value": 20
            },
            {
              "frame": 0.3333333333333333,
              "value": 50
            },
            {
              "frame": 0.5833333333333334,
              "value": -35
            }
          ],
          "opacity": [
            {
              "frame": 0,
              "value": 0
            },
            {
              "frame": 0.3333333333333333,
              "value": 255
            }
          ]
        }
      },
      "bianbian2": {
        "props": {
          "scale": [
            {
              "frame": 0,
              "value": {
                "__type__": "cc.Vec2",
                "x": 1,
                "y": 1
              }
            },
            {
              "frame": 0.3333333333333333,
              "value": {
                "__type__": "cc.Vec2",
                "x": 0.6,
                "y": 0.6
              }
            },
            {
              "frame": 0.5833333333333334,
              "value": {
                "__type__": "cc.Vec2",
                "x": 1.5,
                "y": 1.5
              }
            }
          ],
          "opacity": [
            {
              "frame": 0,
              "value": 0
            },
            {
              "frame": 0.3333333333333333,
              "value": 255
            }
          ]
        }
      },
      "air1": {
        "props": {
          "active": [
            {
              "frame": 0,
              "value": false
            },
            {
              "frame": 0.5833333333333334,
              "value": true
            },
            {
              "frame": 0.75,
              "value": false
            }
          ],
          "scale": [
            {
              "frame": 0.5833333333333334,
              "value": {
                "__type__": "cc.Vec2",
                "x": 0,
                "y": 0
              }
            },
            {
              "frame": 0.75,
              "value": {
                "__type__": "cc.Vec2",
                "x": 1,
                "y": 1
              }
            }
          ],
          "position": [
            {
              "frame": 0.5833333333333334,
              "value": [
                -27.9,
                -80.3
              ]
            },
            {
              "frame": 0.75,
              "value": [
                -55.3,
                -65.8
              ]
            }
          ],
          "opacity": [
            {
              "frame": 0.5833333333333334,
              "value": 0
            },
            {
              "frame": 0.75,
              "value": 255
            }
          ]
        }
      },
      "air2": {
        "props": {
          "active": [
            {
              "frame": 0,
              "value": false
            },
            {
              "frame": 0.5833333333333334,
              "value": true
            },
            {
              "frame": 0.75,
              "value": false
            }
          ],
          "scale": [
            {
              "frame": 0.5833333333333334,
              "value": {
                "__type__": "cc.Vec2",
                "x": 0,
                "y": 0
              }
            },
            {
              "frame": 0.75,
              "value": {
                "__type__": "cc.Vec2",
                "x": 1,
                "y": 1
              }
            }
          ],
          "position": [
            {
              "frame": 0.5833333333333334,
              "value": [
                -6.1,
                -93.3
              ]
            },
            {
              "frame": 0.75,
              "value": [
                -7.7,
                -108.5
              ]
            }
          ],
          "opacity": [
            {
              "frame": 0.5833333333333334,
              "value": 0
            },
            {
              "frame": 0.75,
              "value": 255
            }
          ]
        }
      },
      "air3": {
        "props": {
          "active": [
            {
              "frame": 0,
              "value": false
            },
            {
              "frame": 0.5833333333333334,
              "value": true
            },
            {
              "frame": 0.75,
              "value": false
            }
          ],
          "scale": [
            {
              "frame": 0.5833333333333334,
              "value": {
                "__type__": "cc.Vec2",
                "x": 0,
                "y": 0
              }
            },
            {
              "frame": 0.75,
              "value": {
                "__type__": "cc.Vec2",
                "x": 1,
                "y": 1
              }
            }
          ],
          "position": [
            {
              "frame": 0.5833333333333334,
              "value": [
                18,
                -82.8
              ]
            },
            {
              "frame": 0.75,
              "value": [
                58.5,
                -65.8
              ]
            }
          ]
        }
      },
      "xing1": {
        "props": {
          "active": [
            {
              "frame": 0,
              "value": false
            },
            {
              "frame": 0.75,
              "value": true
            },
            {
              "frame": 0.9166666666666666,
              "value": true
            },
            {
              "frame": 1.0833333333333333,
              "value": false
            }
          ],
          "position": [
            {
              "frame": 0.75,
              "value": [
                -1.6,
                -47.6
              ]
            },
            {
              "frame": 0.9166666666666666,
              "value": [
                -62.9,
                0
              ]
            }
          ],
          "opacity": [
            {
              "frame": 0.9166666666666666,
              "value": 125
            }
          ],
          "scale": [
            {
              "frame": 0.75,
              "value": {
                "__type__": "cc.Vec2",
                "x": 1,
                "y": 1
              }
            },
            {
              "frame": 1,
              "value": {
                "__type__": "cc.Vec2",
                "x": 1.5,
                "y": 1.5
              }
            }
          ]
        }
      },
      "xing2": {
        "props": {
          "active": [
            {
              "frame": 0,
              "value": false
            },
            {
              "frame": 0.75,
              "value": true
            },
            {
              "frame": 0.9166666666666666,
              "value": true
            },
            {
              "frame": 1,
              "value": true
            },
            {
              "frame": 1.0166666666666666,
              "value": true
            },
            {
              "frame": 1.0833333333333333,
              "value": false
            }
          ],
          "position": [
            {
              "frame": 0.75,
              "value": [
                -1.6,
                -47.6
              ]
            },
            {
              "frame": 0.9166666666666666,
              "value": [
                1,
                35
              ]
            }
          ],
          "opacity": [
            {
              "frame": 0.9166666666666666,
              "value": 125
            }
          ],
          "scale": [
            {
              "frame": 0.75,
              "value": {
                "__type__": "cc.Vec2",
                "x": 1,
                "y": 1
              }
            },
            {
              "frame": 1,
              "value": {
                "__type__": "cc.Vec2",
                "x": 1.5,
                "y": 1.5
              }
            }
          ]
        }
      },
      "xing3": {
        "props": {
          "active": [
            {
              "frame": 0,
              "value": false
            },
            {
              "frame": 0.75,
              "value": true
            },
            {
              "frame": 0.9166666666666666,
              "value": true
            },
            {
              "frame": 1,
              "value": true
            },
            {
              "frame": 1.0833333333333333,
              "value": false
            }
          ],
          "position": [
            {
              "frame": 0.75,
              "value": [
                -1.6,
                -47.6
              ]
            },
            {
              "frame": 0.9166666666666666,
              "value": [
                68,
                -9
              ]
            }
          ],
          "opacity": [
            {
              "frame": 0.9166666666666666,
              "value": 125
            }
          ],
          "scale": [
            {
              "frame": 0.75,
              "value": {
                "__type__": "cc.Vec2",
                "x": 1,
                "y": 1
              }
            },
            {
              "frame": 1,
              "value": {
                "__type__": "cc.Vec2",
                "x": 1.5,
                "y": 1.5
              }
            }
          ]
        }
      }
    }
  },
  "events": []
}