{
  "__type__": "cc.AnimationClip",
  "_name": "shitPicked",
  "_objFlags": 0,
  "_native": "",
  "_duration": 1,
  "sample": 60,
  "speed": 1,
  "wrapMode": 1,
  "curveData": {
    "paths": {
      "icon": {
        "props": {
          "scale": [
            {
              "frame": 0,
              "value": {
                "__type__": "cc.Vec2",
                "x": 1,
                "y": 1
              }
            },
            {
              "frame": 0.16666666666666666,
              "value": {
                "__type__": "cc.Vec2",
                "x": 1.2,
                "y": 0.8
              }
            },
            {
              "frame": 0.3333333333333333,
              "value": {
                "__type__": "cc.Vec2",
                "x": 1,
                "y": 1
              }
            },
            {
              "frame": 0.5,
              "value": {
                "__type__": "cc.Vec2",
                "x": 0.9,
                "y": 1.2
              }
            },
            {
              "frame": 0.8333333333333334,
              "value": {
                "__type__": "cc.Vec2",
                "x": 0.9,
                "y": 1.1
              }
            }
          ],
          "y": [
            {
              "frame": 0,
              "value": 24
            },
            {
              "frame": 0.16666666666666666,
              "value": 18
            },
            {
              "frame": 0.3333333333333333,
              "value": 35
            },
            {
              "frame": 0.5,
              "value": 50
            },
            {
              "frame": 0.6666666666666666,
              "value": 70
            },
            {
              "frame": 0.8333333333333334,
              "value": 80
            }
          ],
          "opacity": [
            {
              "frame": 0.5,
              "value": 255
            },
            {
              "frame": 1,
              "value": 0
            }
          ]
        }
      },
      "shadow": {
        "props": {
          "scale": [
            {
              "frame": 0,
              "value": {
                "__type__": "cc.Vec2",
                "x": 1,
                "y": 1
              }
            },
            {
              "frame": 0.16666666666666666,
              "value": {
                "__type__": "cc.Vec2",
                "x": 1.1,
                "y": 1.1
              }
            },
            {
              "frame": 0.3333333333333333,
              "value": {
                "__type__": "cc.Vec2",
                "x": 1,
                "y": 1
              }
            },
            {
              "frame": 0.5,
              "value": {
                "__type__": "cc.Vec2",
                "x": 0.8,
                "y": 0.8
              }
            },
            {
              "frame": 0.6666666666666666,
              "value": {
                "__type__": "cc.Vec2",
                "x": 0.6,
                "y": 0.6
              }
            },
            {
              "frame": 1,
              "value": {
                "__type__": "cc.Vec2",
                "x": 0.3,
                "y": 0.3
              }
            }
          ],
          "opacity": [
            {
              "frame": 0.6666666666666666,
              "value": 255
            },
            {
              "frame": 1,
              "value": 0
            }
          ]
        }
      }
    }
  },
  "events": []
}